timestamp,model,model_family,model_size,quant,tier,task,n_shot,metric,accuracy,stderr,samples_original,samples_effective
1776235232.4021556,AMead10/Llama-3.2-3B-Instruct-AWQ,Llama-3.2,3B,awq,tier1,arc_challenge,25,"acc,none",0.47525597269624575,0.014593487694937738,1172,1172
1776483991.6223865,AMead10/Llama-3.2-3B-Instruct-AWQ,Llama-3.2,3B,awq,tier2,gsm8k,5,"exact_match,strict-match",0.6391205458680819,0.013228626753925141,1319,1319
1776231611.7879465,AMead10/Llama-3.2-3B-Instruct-AWQ,Llama-3.2,3B,awq,tier1,hellaswag,10,"acc,none",0.5284803823939455,0.004981680090303682,10042,10042
1776484613.1492512,AMead10/Llama-3.2-3B-Instruct-AWQ,Llama-3.2,3B,awq,tier2,mmlu,N/A,"acc,none",0.6043298675402364,0.003957676755355906,N/A,N/A
1776484613.1492512,AMead10/Llama-3.2-3B-Instruct-AWQ,Llama-3.2,3B,awq,tier1,mmlu_abstract_algebra,5,"acc,none",0.38,0.04878317312145633,100,100
1776235131.5441625,AMead10/Llama-3.2-3B-Instruct-AWQ,Llama-3.2,3B,awq,tier1,winogrande,5,"acc,none",0.6882399368587214,0.013018571197638546,1267,1267
1776083380.9320412,AngelSlim/Deepseek_r1_distill_qwen-7b_int4_awq,Other,7B,awq,tier1,arc_challenge,25,"acc,none",0.3302047781569966,0.013743085603760426,1172,1172
1776361811.8976896,AngelSlim/Deepseek_r1_distill_qwen-7b_int4_awq,Other,7B,awq,tier2,gsm8k,5,"exact_match,strict-match",0.00530705079605762,0.0020013057209480626,1319,1319
1776080054.6248882,AngelSlim/Deepseek_r1_distill_qwen-7b_int4_awq,Other,7B,awq,tier1,hellaswag,10,"acc,none",0.44971121290579563,0.004964479324552533,10042,10042
1776363854.6745114,AngelSlim/Deepseek_r1_distill_qwen-7b_int4_awq,Other,7B,awq,tier2,mmlu,N/A,"acc,none",0.27588662583677537,0.0037511305405401683,N/A,N/A
1776363854.6745114,AngelSlim/Deepseek_r1_distill_qwen-7b_int4_awq,Other,7B,awq,tier1,mmlu_abstract_algebra,5,"acc,none",0.23,0.04229525846816508,100,100
1776083304.2108378,AngelSlim/Deepseek_r1_distill_qwen-7b_int4_awq,Other,7B,awq,tier1,winogrande,5,"acc,none",0.5824782951854776,0.013859978264440255,1267,1267
1776012199.7139595,Corianas/DeepSeek-R1-Distill-Qwen-14B-AWQ,DeepSeek-R1-Distill-Qwen,14B,awq,tier1,arc_challenge,25,"acc,none",0.5017064846416383,0.014611305705056992,1172,1172
1776397765.5137851,Corianas/DeepSeek-R1-Distill-Qwen-14B-AWQ,DeepSeek-R1-Distill-Qwen,14B,awq,tier2,gsm8k,5,"exact_match,strict-match",0.00530705079605762,0.0020013057209480557,1319,1319
1776005325.7898529,Corianas/DeepSeek-R1-Distill-Qwen-14B-AWQ,DeepSeek-R1-Distill-Qwen,14B,awq,tier1,hellaswag,10,"acc,none",0.5973909579764987,0.004894210011303195,10042,10042
1776401744.914907,Corianas/DeepSeek-R1-Distill-Qwen-14B-AWQ,DeepSeek-R1-Distill-Qwen,14B,awq,tier2,mmlu,N/A,"acc,none",0.4935906566016237,0.004012375133405325,N/A,N/A
1776401744.914907,Corianas/DeepSeek-R1-Distill-Qwen-14B-AWQ,DeepSeek-R1-Distill-Qwen,14B,awq,tier1,mmlu_abstract_algebra,5,"acc,none",0.27,0.04461960433384741,100,100
1776012025.956853,Corianas/DeepSeek-R1-Distill-Qwen-14B-AWQ,DeepSeek-R1-Distill-Qwen,14B,awq,tier1,winogrande,5,"acc,none",0.6022099447513812,0.01375574351374902,1267,1267
1776130742.5890172,JunHowie/Qwen3-32B-GPTQ-Int4,Qwen3,32B,gptq,tier1,arc_challenge,25,"acc,none",0.6177474402730375,0.014200454049979293,1172,1172
1776827945.314565,JunHowie/Qwen3-32B-GPTQ-Int4,Qwen3,32B,gptq,tier2,gsm8k,5,"exact_match,strict-match",0.009097801364670205,0.0026153265107756725,1319,1319
1776120334.3000522,JunHowie/Qwen3-32B-GPTQ-Int4,Qwen3,32B,gptq,tier1,hellaswag,10,"acc,none",0.630053774148576,0.004818031396138906,10042,10042
1776835955.8429024,JunHowie/Qwen3-32B-GPTQ-Int4,Qwen3,32B,gptq,tier2,mmlu,N/A,"acc,none",0.4065660162370033,0.004060012123985766,N/A,N/A
1776835955.8429024,JunHowie/Qwen3-32B-GPTQ-Int4,Qwen3,32B,gptq,tier1,mmlu_abstract_algebra,5,"acc,none",0.32,0.04688261722621504,100,100
1776130550.165187,JunHowie/Qwen3-32B-GPTQ-Int4,Qwen3,32B,gptq,tier1,winogrande,5,"acc,none",0.7513812154696132,0.012147314713403108,1267,1267
1776148180.2604256,JunHowie/Qwen3-8B-GPTQ-Int4,Qwen3,8B,gptq,tier1,arc_challenge,25,"acc,none",0.5332764505119454,0.014578995859605811,1172,1172
1776865078.8914416,JunHowie/Qwen3-8B-GPTQ-Int4,Qwen3,8B,gptq,tier2,gsm8k,5,"exact_match,strict-match",0.00530705079605762,0.0020013057209480756,1319,1319
1776144414.4563825,JunHowie/Qwen3-8B-GPTQ-Int4,Qwen3,8B,gptq,tier1,hellaswag,10,"acc,none",0.5605457080262896,0.004953063404791458,10042,10042
1776867747.035729,JunHowie/Qwen3-8B-GPTQ-Int4,Qwen3,8B,gptq,tier2,mmlu,N/A,"acc,none",0.2347243982338698,0.00357038096605832,N/A,N/A
1776867747.035729,JunHowie/Qwen3-8B-GPTQ-Int4,Qwen3,8B,gptq,tier1,mmlu_abstract_algebra,5,"acc,none",0.22,0.04163331998932269,100,100
1776148093.8868752,JunHowie/Qwen3-8B-GPTQ-Int4,Qwen3,8B,gptq,tier1,winogrande,5,"acc,none",0.6803472770323599,0.013106528517665144,1267,1267
1776269266.6895137,QuantTrio/gemma-4-31B-it-AWQ,Gemma,31B,awq,tier1,arc_challenge,25,"acc,none",0.681740614334471,0.013611993916971451,1172,1172
1776654449.645418,QuantTrio/gemma-4-31B-it-AWQ,Gemma,31B,awq,tier2,gsm8k,5,"exact_match,strict-match",0.9257012888551933,0.007223844172845591,1319,1319
1776255865.9439197,QuantTrio/gemma-4-31B-it-AWQ,Gemma,31B,awq,tier1,hellaswag,10,"acc,none",0.5944035052778331,0.004900036261309053,10042,10042
1776664723.4329884,QuantTrio/gemma-4-31B-it-AWQ,Gemma,31B,awq,tier2,mmlu,N/A,"acc,none",0.8667568722404216,0.0027768799585387496,N/A,N/A
1776664723.4329884,QuantTrio/gemma-4-31B-it-AWQ,Gemma,31B,awq,tier1,mmlu_abstract_algebra,5,"acc,none",0.79,0.04093601807403326,100,100
1776269026.575694,QuantTrio/gemma-4-31B-it-AWQ,Gemma,31B,awq,tier1,winogrande,5,"acc,none",0.7363851617995264,0.01238284929965846,1267,1267
1776180915.7405915,Qwen/Qwen2.5-32B-Instruct,Qwen2.5,32B,bf16,tier1,arc_challenge,25,"acc,none",0.7022184300341296,0.013363080107244484,1172,1172
1776520334.4221978,Qwen/Qwen2.5-32B-Instruct,Qwen2.5,32B,bf16,tier2,gsm8k,5,"exact_match,strict-match",0.05458680818802123,0.006257444037912528,1319,1319
1776169839.3492692,Qwen/Qwen2.5-32B-Instruct,Qwen2.5,32B,bf16,tier1,hellaswag,10,"acc,none",0.6804421429994025,0.004653523038369287,10042,10042
1776528312.2484004,Qwen/Qwen2.5-32B-Instruct,Qwen2.5,32B,bf16,tier2,mmlu,N/A,"acc,none",0.8249537102976784,0.0030915942266104457,N/A,N/A
1776528312.2484004,Qwen/Qwen2.5-32B-Instruct,Qwen2.5,32B,bf16,tier1,mmlu_abstract_algebra,5,"acc,none",0.74,0.04408440022768079,100,100
1776180711.7847133,Qwen/Qwen2.5-32B-Instruct,Qwen2.5,32B,bf16,tier1,winogrande,5,"acc,none",0.6661404893449092,0.013254029695143351,1267,1267
1776205467.2278874,Qwen/Qwen2.5-32B-Instruct-AWQ,Qwen2.5,32B,awq,tier1,arc_challenge,25,"acc,none",0.7090443686006825,0.013273077865907595,1172,1172
1776552733.3985963,Qwen/Qwen2.5-32B-Instruct-AWQ,Qwen2.5,32B,awq,tier2,gsm8k,5,"exact_match,strict-match",0.11296436694465505,0.008719339028833054,1319,1319
1776193345.4009626,Qwen/Qwen2.5-32B-Instruct-AWQ,Qwen2.5,32B,awq,tier1,hellaswag,10,"acc,none",0.68442541326429,0.0046379449659146865,10042,10042
1776570666.7326987,Qwen/Qwen2.5-32B-Instruct-AWQ,Qwen2.5,32B,awq,tier2,mmlu,N/A,"acc,none",0.8186155818259507,0.003128539119808991,N/A,N/A
1776570666.7326987,Qwen/Qwen2.5-32B-Instruct-AWQ,Qwen2.5,32B,awq,tier1,mmlu_abstract_algebra,5,"acc,none",0.75,0.04351941398892446,100,100
1776205235.884341,Qwen/Qwen2.5-32B-Instruct-AWQ,Qwen2.5,32B,awq,tier1,winogrande,5,"acc,none",0.6890292028413575,0.01300953473628607,1267,1267
1776219352.0527475,Qwen/Qwen2.5-32B-Instruct-GPTQ-Int4,Qwen2.5,32B,gptq,tier1,arc_challenge,25,"acc,none",0.6953924914675768,0.01344952210993249,1172,1172
1776582645.0466993,Qwen/Qwen2.5-32B-Instruct-GPTQ-Int4,Qwen2.5,32B,gptq,tier2,gsm8k,5,"exact_match,strict-match",0.03790750568612585,0.005260333907798431,1319,1319
1776207381.7504492,Qwen/Qwen2.5-32B-Instruct-GPTQ-Int4,Qwen2.5,32B,gptq,tier1,hellaswag,10,"acc,none",0.6659032065325632,0.00470709781604757,10042,10042
1776588088.2580526,Qwen/Qwen2.5-32B-Instruct-GPTQ-Int4,Qwen2.5,32B,gptq,tier2,mmlu,N/A,"acc,none",0.8199686654322746,0.003118857638971769,N/A,N/A
1776588088.2580526,Qwen/Qwen2.5-32B-Instruct-GPTQ-Int4,Qwen2.5,32B,gptq,tier1,mmlu_abstract_algebra,5,"acc,none",0.74,0.04408440022768079,100,100
1776219124.425659,Qwen/Qwen2.5-32B-Instruct-GPTQ-Int4,Qwen2.5,32B,gptq,tier1,winogrande,5,"acc,none",0.6637726913970008,0.013277286593993434,1267,1267
1776152834.0922856,Qwen/Qwen2.5-7B-Instruct,Qwen2.5,7B,bf16,tier1,arc_challenge,25,"acc,none",0.575938566552901,0.0144418896274644,1172,1172
1776493374.923102,Qwen/Qwen2.5-7B-Instruct,Qwen2.5,7B,bf16,tier2,gsm8k,5,"exact_match,strict-match",0.16755117513267628,0.010287143693711222,1319,1319
1776148797.3109958,Qwen/Qwen2.5-7B-Instruct,Qwen2.5,7B,bf16,tier1,hellaswag,10,"acc,none",0.596494722166899,0.004895977676625217,10042,10042
1776495521.8664072,Qwen/Qwen2.5-7B-Instruct,Qwen2.5,7B,bf16,tier2,mmlu,N/A,"acc,none",0.735080472867113,0.003556168684002303,N/A,N/A
1776495521.8664072,Qwen/Qwen2.5-7B-Instruct,Qwen2.5,7B,bf16,tier1,mmlu_abstract_algebra,5,"acc,none",0.54,0.05009082659620332,100,100
1776152729.2911847,Qwen/Qwen2.5-7B-Instruct,Qwen2.5,7B,bf16,tier1,winogrande,5,"acc,none",0.6219415943172849,0.01362816546052323,1267,1267
1776163397.3356705,Qwen/Qwen2.5-7B-Instruct-AWQ,Qwen2.5,7B,awq,tier1,arc_challenge,25,"acc,none",0.5878839590443686,0.014383915302225408,1172,1172
1776506673.6700158,Qwen/Qwen2.5-7B-Instruct-AWQ,Qwen2.5,7B,awq,tier2,gsm8k,5,"exact_match,strict-match",0.1372251705837756,0.009477808244600424,1319,1319
1776158587.1616814,Qwen/Qwen2.5-7B-Instruct-AWQ,Qwen2.5,7B,awq,tier1,hellaswag,10,"acc,none",0.5803624775941048,0.0049249104331063435,10042,10042
1776508346.842213,Qwen/Qwen2.5-7B-Instruct-AWQ,Qwen2.5,7B,awq,tier2,mmlu,N/A,"acc,none",0.7196268337843612,0.0036101964879381773,N/A,N/A
1776508346.842213,Qwen/Qwen2.5-7B-Instruct-AWQ,Qwen2.5,7B,awq,tier1,mmlu_abstract_algebra,5,"acc,none",0.47,0.05016135580465919,100,100
1776163287.3773594,Qwen/Qwen2.5-7B-Instruct-AWQ,Qwen2.5,7B,awq,tier1,winogrande,5,"acc,none",0.6408839779005525,0.01348311520212025,1267,1267
1776168928.4778023,Qwen/Qwen2.5-7B-Instruct-GPTQ-Int4,Qwen2.5,7B,gptq,tier1,arc_challenge,25,"acc,none",0.5784982935153583,0.014430197069326023,1172,1172
1776513502.340387,Qwen/Qwen2.5-7B-Instruct-GPTQ-Int4,Qwen2.5,7B,gptq,tier2,gsm8k,5,"exact_match,strict-match",0.06899166034874905,0.0069809958348386195,1319,1319
1776164215.4035943,Qwen/Qwen2.5-7B-Instruct-GPTQ-Int4,Qwen2.5,7B,gptq,tier1,hellaswag,10,"acc,none",0.5945030870344553,0.004899845087183106,10042,10042
1776515132.5198166,Qwen/Qwen2.5-7B-Instruct-GPTQ-Int4,Qwen2.5,7B,gptq,tier2,mmlu,N/A,"acc,none",0.7214784218772254,0.00361134189565619,N/A,N/A
1776515132.5198166,Qwen/Qwen2.5-7B-Instruct-GPTQ-Int4,Qwen2.5,7B,gptq,tier1,mmlu_abstract_algebra,5,"acc,none",0.52,0.050211673156867795,100,100
1776168820.776962,Qwen/Qwen2.5-7B-Instruct-GPTQ-Int4,Qwen2.5,7B,gptq,tier1,winogrande,5,"acc,none",0.6353591160220995,0.013527746622429832,1267,1267
1776097628.9694812,Qwen/Qwen3-32B,Qwen3,32B,bf16,tier1,arc_challenge,25,"acc,none",0.6313993174061433,0.0140978106780422,1172,1172
1776682328.0376248,Qwen/Qwen3-32B,Qwen3,32B,bf16,tier2,gsm8k,5,"exact_match,strict-match",0.0075815011372251705,0.002389281512077233,1319,1319
1776087778.6104314,Qwen/Qwen3-32B,Qwen3,32B,bf16,tier1,hellaswag,10,"acc,none",0.6306512646883091,0.004816421208654103,10042,10042
1776787738.4710758,Qwen/Qwen3-32B,Qwen3,32B,bf16,tier2,mmlu,N/A,"acc,none",0.44943740207947586,0.00407644842391769,N/A,N/A
1776787738.4710758,Qwen/Qwen3-32B,Qwen3,32B,bf16,tier1,mmlu_abstract_algebra,5,"acc,none",0.4,0.049236596391733084,100,100
1776097460.0154798,Qwen/Qwen3-32B,Qwen3,32B,bf16,tier1,winogrande,5,"acc,none",0.7513812154696132,0.012147314713403107,1267,1267
1776118728.1124706,Qwen/Qwen3-32B-AWQ,Qwen3,32B,awq,tier1,arc_challenge,25,"acc,none",0.6220136518771331,0.014169664520303101,1172,1172
1776807613.1438093,Qwen/Qwen3-32B-AWQ,Qwen3,32B,awq,tier2,gsm8k,5,"exact_match,strict-match",0.0075815011372251705,0.0023892815120772283,1319,1319
1776108081.8603942,Qwen/Qwen3-32B-AWQ,Qwen3,32B,awq,tier1,hellaswag,10,"acc,none",0.627365066719777,0.004825179407757583,10042,10042
1776815623.7543366,Qwen/Qwen3-32B-AWQ,Qwen3,32B,awq,tier2,mmlu,N/A,"acc,none",0.418031619427432,0.004066777237016391,N/A,N/A
1776815623.7543366,Qwen/Qwen3-32B-AWQ,Qwen3,32B,awq,tier1,mmlu_abstract_algebra,5,"acc,none",0.27,0.0446196043338474,100,100
1776118536.4415555,Qwen/Qwen3-32B-AWQ,Qwen3,32B,awq,tier1,winogrande,5,"acc,none",0.7403314917127072,0.012322700705552673,1267,1267
1776106870.7609344,Qwen/Qwen3-32B-FP8,Qwen3,32B,fp8,tier1,arc_challenge,25,"acc,none",0.6194539249146758,0.01418827771234982,1172,1172
1776726908.1136186,Qwen/Qwen3-32B-FP8,Qwen3,32B,fp8,tier2,gsm8k,5,"exact_match,strict-match",0.013646702047005308,0.0031957470754808226,1319,1319
1776099346.5477893,Qwen/Qwen3-32B-FP8,Qwen3,32B,fp8,tier1,hellaswag,10,"acc,none",0.6314479187412866,0.004814261966376836,10042,10042
1776799124.825326,Qwen/Qwen3-32B-FP8,Qwen3,32B,fp8,tier2,mmlu,N/A,"acc,none",0.38513032331576696,0.00403746773219256,N/A,N/A
1776799124.825326,Qwen/Qwen3-32B-FP8,Qwen3,32B,fp8,tier1,mmlu_abstract_algebra,5,"acc,none",0.4,0.04923659639173309,100,100
1776106733.8212793,Qwen/Qwen3-32B-FP8,Qwen3,32B,fp8,tier1,winogrande,5,"acc,none",0.7355958958168903,0.01239472489698379,1267,1267
1776135736.7016714,Qwen/Qwen3-8B,Qwen3,8B,bf16,tier1,arc_challenge,25,"acc,none",0.5418088737201365,0.014560220308714697,1172,1172
1776600544.0222223,Qwen/Qwen3-8B,Qwen3,8B,bf16,tier2,gsm8k,5,"exact_match,strict-match",0.009097801364670205,0.002615326510775673,1319,1319
1776132287.6061316,Qwen/Qwen3-8B,Qwen3,8B,bf16,tier1,hellaswag,10,"acc,none",0.5732921728739295,0.004935882666250479,10042,10042
1776603718.4452474,Qwen/Qwen3-8B,Qwen3,8B,bf16,tier2,mmlu,N/A,"acc,none",0.28656886483406924,0.0037583228232375837,N/A,N/A
1776603718.4452474,Qwen/Qwen3-8B,Qwen3,8B,bf16,tier1,mmlu_abstract_algebra,5,"acc,none",0.22,0.04163331998932269,100,100
1776135659.4995732,Qwen/Qwen3-8B,Qwen3,8B,bf16,tier1,winogrande,5,"acc,none",0.6819258089976322,0.01308928507988468,1267,1267
1776143771.5741708,Qwen/Qwen3-8B-AWQ,Qwen3,8B,awq,tier1,arc_challenge,25,"acc,none",0.5580204778156996,0.014512682523128345,1172,1172
1776854573.1057298,Qwen/Qwen3-8B-AWQ,Qwen3,8B,awq,tier2,gsm8k,5,"exact_match,strict-match",0.006823351023502654,0.0022675371022545148,1319,1319
1776139980.926001,Qwen/Qwen3-8B-AWQ,Qwen3,8B,awq,tier1,hellaswag,10,"acc,none",0.5683130850428202,0.0049429906231311166,10042,10042
1776857301.650649,Qwen/Qwen3-8B-AWQ,Qwen3,8B,awq,tier2,mmlu,N/A,"acc,none",0.23052271756160092,0.0035475569054695903,N/A,N/A
1776857301.650649,Qwen/Qwen3-8B-AWQ,Qwen3,8B,awq,tier1,mmlu_abstract_algebra,5,"acc,none",0.22,0.04163331998932269,100,100
1776143683.1577895,Qwen/Qwen3-8B-AWQ,Qwen3,8B,awq,tier1,winogrande,5,"acc,none",0.6850828729281768,0.013054277568469237,1267,1267
1776139455.1861274,Qwen/Qwen3-8B-FP8,Qwen3,8B,fp8,tier1,arc_challenge,25,"acc,none",0.5443686006825939,0.014553749939306864,1172,1172
1776614854.095455,Qwen/Qwen3-8B-FP8,Qwen3,8B,fp8,tier2,gsm8k,5,"exact_match,strict-match",0.0075815011372251705,0.002389281512077233,1319,1319
1776136458.5662344,Qwen/Qwen3-8B-FP8,Qwen3,8B,fp8,tier1,hellaswag,10,"acc,none",0.5719976100378411,0.004937779821908562,10042,10042
1776849690.098596,Qwen/Qwen3-8B-FP8,Qwen3,8B,fp8,tier2,mmlu,N/A,"acc,none",0.2773109243697479,0.00371601647716075,N/A,N/A
1776849690.098596,Qwen/Qwen3-8B-FP8,Qwen3,8B,fp8,tier1,mmlu_abstract_algebra,5,"acc,none",0.22,0.04163331998932269,100,100
1776139383.6771114,Qwen/Qwen3-8B-FP8,Qwen3,8B,fp8,tier1,winogrande,5,"acc,none",0.6842936069455406,0.013063094743000811,1267,1267
1776004295.5148382,RedHatAI/DeepSeek-R1-Distill-Qwen-14B-FP8-dynamic,DeepSeek-R1-Distill-Qwen,14B,fp8,tier1,arc_challenge,25,"acc,none",0.40017064846416384,0.014317197787809191,1172,1172
1776388278.6820188,RedHatAI/DeepSeek-R1-Distill-Qwen-14B-FP8-dynamic,DeepSeek-R1-Distill-Qwen,14B,fp8,tier2,gsm8k,5,"exact_match,strict-match",0.000758150113722517,0.000758150113722521,1319,1319
1775998474.139986,RedHatAI/DeepSeek-R1-Distill-Qwen-14B-FP8-dynamic,DeepSeek-R1-Distill-Qwen,14B,fp8,tier1,hellaswag,10,"acc,none",0.5601473809998009,0.004953546708512319,10042,10042
1776391705.9277601,RedHatAI/DeepSeek-R1-Distill-Qwen-14B-FP8-dynamic,DeepSeek-R1-Distill-Qwen,14B,fp8,tier2,mmlu,N/A,"acc,none",0.23080757726819542,0.0035494605439120456,N/A,N/A
1776391705.9277601,RedHatAI/DeepSeek-R1-Distill-Qwen-14B-FP8-dynamic,DeepSeek-R1-Distill-Qwen,14B,fp8,tier1,mmlu_abstract_algebra,5,"acc,none",0.22,0.04163331998932269,100,100
1776004141.8563,RedHatAI/DeepSeek-R1-Distill-Qwen-14B-FP8-dynamic,DeepSeek-R1-Distill-Qwen,14B,fp8,tier1,winogrande,5,"acc,none",0.6677190213101816,0.013238316554236526,1267,1267
1776020267.1521971,RedHatAI/DeepSeek-R1-Distill-Qwen-14B-quantized.w4a16,DeepSeek-R1-Distill-Qwen,14B,gptq,tier1,arc_challenge,25,"acc,none",0.40273037542662116,0.01433223630679014,1172,1172
1776408909.782937,RedHatAI/DeepSeek-R1-Distill-Qwen-14B-quantized.w4a16,DeepSeek-R1-Distill-Qwen,14B,gptq,tier2,gsm8k,5,"exact_match,strict-match",0.00530705079605762,0.002001305720948073,1319,1319
1776013357.0251384,RedHatAI/DeepSeek-R1-Distill-Qwen-14B-quantized.w4a16,DeepSeek-R1-Distill-Qwen,14B,gptq,tier1,hellaswag,10,"acc,none",0.5565624377614021,0.004957750897152937,10042,10042
1776412836.5763476,RedHatAI/DeepSeek-R1-Distill-Qwen-14B-quantized.w4a16,DeepSeek-R1-Distill-Qwen,14B,gptq,tier2,mmlu,N/A,"acc,none",0.22952570858852014,0.0035432126451202368,N/A,N/A
1776412836.5763476,RedHatAI/DeepSeek-R1-Distill-Qwen-14B-quantized.w4a16,DeepSeek-R1-Distill-Qwen,14B,gptq,tier1,mmlu_abstract_algebra,5,"acc,none",0.22,0.04163331998932269,100,100
1776020096.0285966,RedHatAI/DeepSeek-R1-Distill-Qwen-14B-quantized.w4a16,DeepSeek-R1-Distill-Qwen,14B,gptq,tier1,winogrande,5,"acc,none",0.6764009471191792,0.013148883320923153,1267,1267
1776230975.3433464,RedHatAI/Llama-3.2-3B-Instruct-FP8-dynamic,Llama-3.2,3B,fp8,tier1,arc_challenge,25,"acc,none",0.5,0.014611390804670088,1172,1172
1776479698.9432294,RedHatAI/Llama-3.2-3B-Instruct-FP8-dynamic,Llama-3.2,3B,fp8,tier2,gsm8k,5,"exact_match,strict-match",0.689158453373768,0.012748860507777723,1319,1319
1776227617.1813483,RedHatAI/Llama-3.2-3B-Instruct-FP8-dynamic,Llama-3.2,3B,fp8,tier1,hellaswag,10,"acc,none",0.5358494323839873,0.004976939333240078,10042,10042
1776480218.825994,RedHatAI/Llama-3.2-3B-Instruct-FP8-dynamic,Llama-3.2,3B,fp8,tier2,mmlu,N/A,"acc,none",0.6152969662441248,0.003942879265050948,N/A,N/A
1776480218.825994,RedHatAI/Llama-3.2-3B-Instruct-FP8-dynamic,Llama-3.2,3B,fp8,tier1,mmlu_abstract_algebra,5,"acc,none",0.34,0.04760952285695236,100,100
1776230880.636874,RedHatAI/Llama-3.2-3B-Instruct-FP8-dynamic,Llama-3.2,3B,fp8,tier1,winogrande,5,"acc,none",0.7032359905288083,0.012839239695202025,1267,1267
1776319922.8657155,RedHatAI/gemma-4-31B-it-FP8-block,Gemma,31B,fp8,tier1,arc_challenge,25,"acc,none",0.6783276450511946,0.013650488084494167,1172,1172
1776630181.179258,RedHatAI/gemma-4-31B-it-FP8-block,Gemma,31B,fp8,tier2,gsm8k,5,"exact_match,strict-match",0.9302501895375285,0.007016389571013844,1319,1319
1776309373.0782242,RedHatAI/gemma-4-31B-it-FP8-block,Gemma,31B,fp8,tier1,hellaswag,10,"acc,none",0.5806612228639714,0.0049244240180736695,10042,10042
1776642452.6976397,RedHatAI/gemma-4-31B-it-FP8-block,Gemma,31B,fp8,tier2,mmlu,N/A,"acc,none",0.8753738783649053,0.002698302441385398,N/A,N/A
1776642452.6976397,RedHatAI/gemma-4-31B-it-FP8-block,Gemma,31B,fp8,tier1,mmlu_abstract_algebra,5,"acc,none",0.84,0.0368452949177471,100,100
1776319670.7815378,RedHatAI/gemma-4-31B-it-FP8-block,Gemma,31B,fp8,tier1,winogrande,5,"acc,none",0.7411207576953434,0.012310515810993378,1267,1267
1776351913.8495233,RedHatAI/gemma-4-31B-it-NVFP4,Gemma,31B,nvfp4,tier1,arc_challenge,25,"acc,none",0.6646757679180887,0.013796182947785568,1172,1172
1776707255.8926077,RedHatAI/gemma-4-31B-it-NVFP4,Gemma,31B,nvfp4,tier2,gsm8k,5,"exact_match,strict-match",0.934040940106141,0.006836951192034221,1319,1319
1776329948.5901158,RedHatAI/gemma-4-31B-it-NVFP4,Gemma,31B,nvfp4,tier1,hellaswag,10,"acc,none",0.5786695877315275,0.004927631806477558,10042,10042
1776721834.803766,RedHatAI/gemma-4-31B-it-NVFP4,Gemma,31B,nvfp4,tier2,mmlu,N/A,"acc,none",0.8612134691109943,0.0028267133264804,N/A,N/A
1776721834.803766,RedHatAI/gemma-4-31B-it-NVFP4,Gemma,31B,nvfp4,tier1,mmlu_abstract_algebra,5,"acc,none",0.8612488665353994,0.00282116195848984,100,100
1776351565.3175373,RedHatAI/gemma-4-31B-it-NVFP4,Gemma,31B,nvfp4,tier1,winogrande,5,"acc,none",0.739542225730071,0.012334833671998299,1267,1267
1775997368.1603334,deepseek-ai/DeepSeek-R1-Distill-Qwen-14B,DeepSeek-R1-Distill-Qwen,14B,bf16,tier1,arc_challenge,25,"acc,none",0.40187713310580203,0.014327268614578278,1172,1172
1776376066.2361202,deepseek-ai/DeepSeek-R1-Distill-Qwen-14B,DeepSeek-R1-Distill-Qwen,14B,bf16,tier2,gsm8k,5,"exact_match,strict-match",0.000758150113722517,0.0007581501137225346,1319,1319
1775990967.9519973,deepseek-ai/DeepSeek-R1-Distill-Qwen-14B,DeepSeek-R1-Distill-Qwen,14B,bf16,tier1,hellaswag,10,"acc,none",0.5614419438358893,0.004951964131921321,10042,10042
1776381646.206662,deepseek-ai/DeepSeek-R1-Distill-Qwen-14B,DeepSeek-R1-Distill-Qwen,14B,bf16,tier2,mmlu,N/A,"acc,none",0.2296681384418174,0.0035437231070691824,N/A,N/A
1776381646.206662,deepseek-ai/DeepSeek-R1-Distill-Qwen-14B,DeepSeek-R1-Distill-Qwen,14B,bf16,tier1,mmlu_abstract_algebra,5,"acc,none",0.22,0.04163331998932269,100,100
1775997214.217258,deepseek-ai/DeepSeek-R1-Distill-Qwen-14B,DeepSeek-R1-Distill-Qwen,14B,bf16,tier1,winogrande,5,"acc,none",0.6708760852407262,0.01320638708909147,1267,1267
1776031552.0739002,deepseek-ai/DeepSeek-R1-Distill-Qwen-32B,DeepSeek-R1-Distill-Qwen,32B,bf16,tier1,arc_challenge,25,"acc,none",0.48293515358361777,0.014602878388536595,1172,1172
1776420015.9762263,deepseek-ai/DeepSeek-R1-Distill-Qwen-32B,DeepSeek-R1-Distill-Qwen,32B,bf16,tier2,gsm8k,5,"exact_match,strict-match",0.000758150113722517,0.000758150113722529,1319,1319
1776021480.607994,deepseek-ai/DeepSeek-R1-Distill-Qwen-32B,DeepSeek-R1-Distill-Qwen,32B,bf16,tier1,hellaswag,10,"acc,none",0.5999800836486756,0.004889007921214695,10042,10042
1776431428.9892068,deepseek-ai/DeepSeek-R1-Distill-Qwen-32B,DeepSeek-R1-Distill-Qwen,32B,bf16,tier2,mmlu,N/A,"acc,none",0.2672696197122917,0.0037132769034477512,N/A,N/A
1776431428.9892068,deepseek-ai/DeepSeek-R1-Distill-Qwen-32B,DeepSeek-R1-Distill-Qwen,32B,bf16,tier1,mmlu_abstract_algebra,5,"acc,none",0.22,0.04163331998932269,100,100
1776031349.6194048,deepseek-ai/DeepSeek-R1-Distill-Qwen-32B,DeepSeek-R1-Distill-Qwen,32B,bf16,tier1,winogrande,5,"acc,none",0.7308602999210734,0.012464911951268738,1267,1267
1776075482.4826584,deepseek-ai/DeepSeek-R1-Distill-Qwen-7B,DeepSeek-R1-Distill-Qwen,7B,bf16,tier1,arc_challenge,25,"acc,none",0.3395904436860068,0.013839039762820166,1172,1172
1776719112.460238,deepseek-ai/DeepSeek-R1-Distill-Qwen-7B,DeepSeek-R1-Distill-Qwen,7B,bf16,tier2,gsm8k,5,"exact_match,strict-match",0.0,0.0,1319,1319
1776072458.835834,deepseek-ai/DeepSeek-R1-Distill-Qwen-7B,DeepSeek-R1-Distill-Qwen,7B,bf16,tier1,hellaswag,10,"acc,none",0.4600677155945031,0.004973842670559797,10042,10042
1776721834.803766,deepseek-ai/DeepSeek-R1-Distill-Qwen-7B,DeepSeek-R1-Distill-Qwen,7B,bf16,tier2,mmlu,N/A,"acc,none",0.30558325024925226,0.0038476900849415676,N/A,N/A
1776721834.803766,deepseek-ai/DeepSeek-R1-Distill-Qwen-7B,DeepSeek-R1-Distill-Qwen,7B,bf16,tier1,mmlu_abstract_algebra,5,"acc,none",0.21,0.040936018074033256,100,100
1776075416.404213,deepseek-ai/DeepSeek-R1-Distill-Qwen-7B,DeepSeek-R1-Distill-Qwen,7B,bf16,tier1,winogrande,5,"acc,none",0.6124704025256511,0.01369235463601677,1267,1267
1776066935.3184776,dwetzel/DeepSeek-R1-Distill-Qwen-32B-GPTQ-INT4,DeepSeek-R1-Distill-Qwen,32B,gptq,tier1,arc_challenge,25,"acc,none",0.6296928327645052,0.01411129875167495,1172,1172
1776768665.173019,dwetzel/DeepSeek-R1-Distill-Qwen-32B-GPTQ-INT4,DeepSeek-R1-Distill-Qwen,32B,gptq,tier2,gsm8k,5,"exact_match,strict-match",0.6565579984836998,0.013079933811800308,1319,1319
1776056472.3534184,dwetzel/DeepSeek-R1-Distill-Qwen-32B-GPTQ-INT4,DeepSeek-R1-Distill-Qwen,32B,gptq,tier1,hellaswag,10,"acc,none",0.6253734315873332,0.004830371317841065,10042,10042
1776775717.0285463,dwetzel/DeepSeek-R1-Distill-Qwen-32B-GPTQ-INT4,DeepSeek-R1-Distill-Qwen,32B,gptq,tier2,mmlu,N/A,"acc,none",0.6595214356929212,0.003587860704391585,N/A,N/A
1776775717.0285463,dwetzel/DeepSeek-R1-Distill-Qwen-32B-GPTQ-INT4,DeepSeek-R1-Distill-Qwen,32B,gptq,tier1,mmlu_abstract_algebra,5,"acc,none",0.43,0.049756985195624284,100,100
1776066745.6346262,dwetzel/DeepSeek-R1-Distill-Qwen-32B-GPTQ-INT4,DeepSeek-R1-Distill-Qwen,32B,gptq,tier1,winogrande,5,"acc,none",0.7048145224940805,0.012819410741754769,1267,1267
2026-04-23T10:08:04.182057,google/gemma-4-31B-it,Gemma,31B,bf16,tier1,arc_challenge,25,"acc,none",0.6788394905149051,0.013649655717243078,1172,1172
1776695737.649134,google/gemma-4-31B-it,Gemma,31B,bf16,tier2,gsm8k,5,"exact_match,strict-match",0.9302501895375285,0.007016389571013841,1319,1319
1776242314.4019053,google/gemma-4-31B-it,Gemma,31B,bf16,tier1,hellaswag,10,"acc,none",0.5787691694881498,0.00492747337072014,10042,10042
1776475771.772276,google/gemma-4-31B-it,Gemma,31B,bf16,tier2,mmlu,N/A,"acc,none",0.8732374448155675,0.002720018362549874,N/A,N/A
1776475771.772276,google/gemma-4-31B-it,Gemma,31B,bf16,tier1,mmlu_abstract_algebra,5,"acc,none",0.8732374448155675,0.002720018362549874,100,100
1776254757.5782566,google/gemma-4-31B-it,Gemma,31B,bf16,tier1,winogrande,5,"acc,none",0.739542225730071,0.012334833671998297,1267,1267
1775983167.8465803,hugging-quants/Meta-Llama-3.1-8B-Instruct-AWQ-INT4,Llama-3.1,8B,awq,tier1,arc_challenge,25,"acc,none",0.5955631399317406,0.014342036483436177,1172,1172
1776461909.2330186,hugging-quants/Meta-Llama-3.1-8B-Instruct-AWQ-INT4,Llama-3.1,8B,awq,tier2,gsm8k,5,"exact_match,strict-match",0.775587566338135,0.011491617756630547,1319,1319
1775977634.5635602,hugging-quants/Meta-Llama-3.1-8B-Instruct-AWQ-INT4,Llama-3.1,8B,awq,tier1,hellaswag,10,"acc,none",0.6034654451304521,0.004881780399499132,10042,10042
1776462980.1549044,hugging-quants/Meta-Llama-3.1-8B-Instruct-AWQ-INT4,Llama-3.1,8B,awq,tier2,mmlu,N/A,"acc,none",0.6652898447514599,0.003803773465329403,N/A,N/A
1776462980.1549044,hugging-quants/Meta-Llama-3.1-8B-Instruct-AWQ-INT4,Llama-3.1,8B,awq,tier1,mmlu_abstract_algebra,5,"acc,none",0.33,0.04725815626252604,100,100
1775983009.7976344,hugging-quants/Meta-Llama-3.1-8B-Instruct-AWQ-INT4,Llama-3.1,8B,awq,tier1,winogrande,5,"acc,none",0.7782162588792423,0.011676109244497811,1267,1267
1775989867.176483,hugging-quants/Meta-Llama-3.1-8B-Instruct-GPTQ-INT4,Llama-3.1,8B,gptq,tier1,arc_challenge,25,"acc,none",0.5972696245733788,0.014332236306790145,1172,1172
1776468406.478945,hugging-quants/Meta-Llama-3.1-8B-Instruct-GPTQ-INT4,Llama-3.1,8B,gptq,tier2,gsm8k,5,"exact_match,strict-match",0.7619408642911296,0.011731278748420908,1319,1319
1775984209.959832,hugging-quants/Meta-Llama-3.1-8B-Instruct-GPTQ-INT4,Llama-3.1,8B,gptq,tier1,hellaswag,10,"acc,none",0.6045608444532962,0.004879455474663798,10042,10042
1776469526.7421691,hugging-quants/Meta-Llama-3.1-8B-Instruct-GPTQ-INT4,Llama-3.1,8B,gptq,tier2,mmlu,N/A,"acc,none",0.6681384418174049,0.0037899947471030943,N/A,N/A
1776469526.7421691,hugging-quants/Meta-Llama-3.1-8B-Instruct-GPTQ-INT4,Llama-3.1,8B,gptq,tier1,mmlu_abstract_algebra,5,"acc,none",0.37,0.04852365870939099,100,100
1775989716.6696286,hugging-quants/Meta-Llama-3.1-8B-Instruct-GPTQ-INT4,Llama-3.1,8B,gptq,tier1,winogrande,5,"acc,none",0.7466456195737964,0.01222375443423363,1267,1267
1776054714.6408613,inarikami/DeepSeek-R1-Distill-Qwen-32B-AWQ,DeepSeek-R1-Distill-Qwen,32B,awq,tier1,arc_challenge,25,"acc,none",0.6271331058020477,0.014131176760131162,1172,1172
1776750423.917146,inarikami/DeepSeek-R1-Distill-Qwen-32B-AWQ,DeepSeek-R1-Distill-Qwen,32B,awq,tier2,gsm8k,5,"exact_match,strict-match",0.5367702805155421,0.013735191956468641,1319,1319
1776043508.055976,inarikami/DeepSeek-R1-Distill-Qwen-32B-AWQ,DeepSeek-R1-Distill-Qwen,32B,awq,tier1,hellaswag,10,"acc,none",0.6228838876717785,0.00483673851405131,10042,10042
1776757904.1288397,inarikami/DeepSeek-R1-Distill-Qwen-32B-AWQ,DeepSeek-R1-Distill-Qwen,32B,awq,tier2,mmlu,N/A,"acc,none",0.6865831078193989,0.0035745955834968527,N/A,N/A
1776757904.1288397,inarikami/DeepSeek-R1-Distill-Qwen-32B-AWQ,DeepSeek-R1-Distill-Qwen,32B,awq,tier1,mmlu_abstract_algebra,5,"acc,none",0.41,0.049431107042371025,100,100
1776054469.8761973,inarikami/DeepSeek-R1-Distill-Qwen-32B-AWQ,DeepSeek-R1-Distill-Qwen,32B,awq,tier1,winogrande,5,"acc,none",0.7063930544593529,0.01279939729620417,1267,1267
1776087195.3463724,jakiAJK/DeepSeek-R1-Distill-Qwen-7B_GPTQ-int4,DeepSeek-R1-Distill-Qwen,7B,gptq,tier1,arc_challenge,25,"acc,none",0.44368600682593856,0.01451842182567045,1172,1172
1776368912.083612,jakiAJK/DeepSeek-R1-Distill-Qwen-7B_GPTQ-int4,DeepSeek-R1-Distill-Qwen,7B,gptq,tier2,gsm8k,5,"exact_match,strict-match",0.05155420773313116,0.006090887955262821,1319,1319
1776083911.1519234,jakiAJK/DeepSeek-R1-Distill-Qwen-7B_GPTQ-int4,DeepSeek-R1-Distill-Qwen,7B,gptq,tier1,hellaswag,10,"acc,none",0.4690300736904999,0.004980200451851671,10042,10042
1776370967.21807,jakiAJK/DeepSeek-R1-Distill-Qwen-7B_GPTQ-int4,DeepSeek-R1-Distill-Qwen,7B,gptq,tier2,mmlu,N/A,"acc,none",0.4920951431420026,0.004076092665911624,N/A,N/A
1776370967.21807,jakiAJK/DeepSeek-R1-Distill-Qwen-7B_GPTQ-int4,DeepSeek-R1-Distill-Qwen,7B,gptq,tier1,mmlu_abstract_algebra,5,"acc,none",0.28,0.04512608598542127,100,100
1776087120.773272,jakiAJK/DeepSeek-R1-Distill-Qwen-7B_GPTQ-int4,DeepSeek-R1-Distill-Qwen,7B,gptq,tier1,winogrande,5,"acc,none",0.6101026045777427,0.013707547317008467,1267,1267
1775970919.6863296,meta-llama/Llama-3.1-8B-Instruct,Llama-3.1,8B,bf16,tier1,arc_challenge,25,"acc,none",0.621160409556314,0.014175915490000326,1172,1172
1776449898.7836993,meta-llama/Llama-3.1-8B-Instruct,Llama-3.1,8B,bf16,tier2,gsm8k,5,"exact_match,strict-match",0.8172858225928734,0.01064425820632624,1319,1319
1775965409.7735758,meta-llama/Llama-3.1-8B-Instruct,Llama-3.1,8B,bf16,tier1,hellaswag,10,"acc,none",0.6074487153953396,0.0048732032693663135,10042,10042
1776451240.5375113,meta-llama/Llama-3.1-8B-Instruct,Llama-3.1,8B,bf16,tier2,mmlu,N/A,"acc,none",0.6879361914257228,0.0037294681343488342,N/A,N/A
1776451240.5375113,meta-llama/Llama-3.1-8B-Instruct,Llama-3.1,8B,bf16,tier1,mmlu_abstract_algebra,5,"acc,none",0.37,0.048523658709391,100,100
1775970772.8754015,meta-llama/Llama-3.1-8B-Instruct,Llama-3.1,8B,bf16,tier1,winogrande,5,"acc,none",0.7703235990528808,0.011821645601838229,1267,1267
1776226938.1932886,meta-llama/Llama-3.2-3B-Instruct,Llama-3.2,3B,bf16,tier1,arc_challenge,25,"acc,none",0.5110921501706485,0.014607794914013048,1172,1172
1776475081.1437433,meta-llama/Llama-3.2-3B-Instruct,Llama-3.2,3B,bf16,tier2,gsm8k,5,"exact_match,strict-match",0.7270659590598939,0.01227038115110875,1319,1319
1776223349.693092,meta-llama/Llama-3.2-3B-Instruct,Llama-3.2,3B,bf16,tier1,hellaswag,10,"acc,none",0.5368452499502091,0.004976214989483496,10042,10042
1776475771.772276,meta-llama/Llama-3.2-3B-Instruct,Llama-3.2,3B,bf16,tier2,mmlu,N/A,"acc,none",0.617148554336989,0.003932236044802712,N/A,N/A
1776475771.772276,meta-llama/Llama-3.2-3B-Instruct,Llama-3.2,3B,bf16,tier1,mmlu_abstract_algebra,5,"acc,none",0.38,0.048783173121456316,100,100
1776226850.6049926,meta-llama/Llama-3.2-3B-Instruct,Llama-3.2,3B,bf16,tier1,winogrande,5,"acc,none",0.6992896606156275,0.012888010494704736,1267,1267
1776042043.7310343,neuralmagic/DeepSeek-R1-Distill-Qwen-32B-FP8-dynamic,DeepSeek-R1-Distill-Qwen,32B,fp8,tier1,arc_challenge,25,"acc,none",0.4872013651877133,0.014606603181012538,1172,1172
1776442706.2924163,neuralmagic/DeepSeek-R1-Distill-Qwen-32B-FP8-dynamic,DeepSeek-R1-Distill-Qwen,32B,fp8,tier2,gsm8k,5,"exact_match,strict-match",0.000758150113722517,0.0007581501137225362,1319,1319
1776033197.4371352,neuralmagic/DeepSeek-R1-Distill-Qwen-32B-FP8-dynamic,DeepSeek-R1-Distill-Qwen,32B,fp8,tier1,hellaswag,10,"acc,none",0.599681338378809,0.004889615413144165,10042,10042
1776741512.4121337,neuralmagic/DeepSeek-R1-Distill-Qwen-32B-FP8-dynamic,DeepSeek-R1-Distill-Qwen,32B,fp8,tier2,mmlu,N/A,"acc,none",0.27353653325737076,0.0037363848878406913,N/A,N/A
1776741512.4121337,neuralmagic/DeepSeek-R1-Distill-Qwen-32B-FP8-dynamic,DeepSeek-R1-Distill-Qwen,32B,fp8,tier1,mmlu_abstract_algebra,5,"acc,none",0.23,0.04229525846816506,100,100
1776041825.9092782,neuralmagic/DeepSeek-R1-Distill-Qwen-32B-FP8-dynamic,DeepSeek-R1-Distill-Qwen,32B,fp8,tier1,winogrande,5,"acc,none",0.7269139700078927,0.012522020105869456,1267,1267
1776079584.1602037,neuralmagic/DeepSeek-R1-Distill-Qwen-7B-FP8-dynamic,DeepSeek-R1-Distill-Qwen,7B,fp8,tier1,arc_challenge,25,"acc,none",0.3361774744027304,0.013804855026205761,1172,1172
1776355375.4944098,neuralmagic/DeepSeek-R1-Distill-Qwen-7B-FP8-dynamic,DeepSeek-R1-Distill-Qwen,7B,fp8,tier2,gsm8k,5,"exact_match,strict-match",0.000758150113722517,0.000758150113722526,1319,1319
1776076762.299002,neuralmagic/DeepSeek-R1-Distill-Qwen-7B-FP8-dynamic,DeepSeek-R1-Distill-Qwen,7B,fp8,tier1,hellaswag,10,"acc,none",0.45956980681139215,0.004973442060741629,10042,10042
1776357256.6058245,neuralmagic/DeepSeek-R1-Distill-Qwen-7B-FP8-dynamic,DeepSeek-R1-Distill-Qwen,7B,fp8,tier2,mmlu,N/A,"acc,none",0.2996011964107677,0.0038285028928901027,N/A,N/A
1776357256.6058245,neuralmagic/DeepSeek-R1-Distill-Qwen-7B-FP8-dynamic,DeepSeek-R1-Distill-Qwen,7B,fp8,tier1,mmlu_abstract_algebra,5,"acc,none",0.21,0.040936018074033256,100,100
1776079514.1303692,neuralmagic/DeepSeek-R1-Distill-Qwen-7B-FP8-dynamic,DeepSeek-R1-Distill-Qwen,7B,fp8,tier1,winogrande,5,"acc,none",0.5966850828729282,0.013787257285896241,1267,1267
1775976705.2132766,neuralmagic/Meta-Llama-3.1-8B-Instruct-FP8,Llama-3.1,8B,fp8,tier1,arc_challenge,25,"acc,none",0.6160409556313993,0.014212444980651894,1172,1172
1776456348.446738,neuralmagic/Meta-Llama-3.1-8B-Instruct-FP8,Llama-3.1,8B,fp8,tier2,gsm8k,5,"exact_match,strict-match",0.8218347232752085,0.010540132527549474,1319,1319
1775971897.5613055,neuralmagic/Meta-Llama-3.1-8B-Instruct-FP8,Llama-3.1,8B,fp8,tier1,hellaswag,10,"acc,none",0.6092411870145389,0.0048692327581033295,10042,10042
1776457208.5743139,neuralmagic/Meta-Llama-3.1-8B-Instruct-FP8,Llama-3.1,8B,fp8,tier2,mmlu,N/A,"acc,none",0.6838769406067512,0.003742602343754247,N/A,N/A
1776457208.5743139,neuralmagic/Meta-Llama-3.1-8B-Instruct-FP8,Llama-3.1,8B,fp8,tier1,mmlu_abstract_algebra,5,"acc,none",0.39,0.04902071300001975,100,100
1775976565.376939,neuralmagic/Meta-Llama-3.1-8B-Instruct-FP8,Llama-3.1,8B,fp8,tier1,winogrande,5,"acc,none",0.7726913970007893,0.011778612167091088,1267,1267
1776191845.396985,neuralmagic/Qwen2.5-32B-Instruct-FP8-Dynamic,Qwen2.5,32B,fp8,tier1,arc_challenge,25,"acc,none",0.7081911262798635,0.013284525292403522,1172,1172
1776539347.964801,neuralmagic/Qwen2.5-32B-Instruct-FP8-Dynamic,Qwen2.5,32B,fp8,tier2,gsm8k,5,"exact_match,strict-match",0.043214556482183475,0.005600987515237859,1319,1319
1776182748.53551,neuralmagic/Qwen2.5-32B-Instruct-FP8-Dynamic,Qwen2.5,32B,fp8,tier1,hellaswag,10,"acc,none",0.6832304321848237,0.004642659613857344,10042,10042
1776544101.6123018,neuralmagic/Qwen2.5-32B-Instruct-FP8-Dynamic,Qwen2.5,32B,fp8,tier2,mmlu,N/A,"acc,none",0.8248112804443811,0.0030888368919361393,N/A,N/A
1776544101.6123018,neuralmagic/Qwen2.5-32B-Instruct-FP8-Dynamic,Qwen2.5,32B,fp8,tier1,mmlu_abstract_algebra,5,"acc,none",0.75,0.04351941398892446,100,100
1776191668.5573134,neuralmagic/Qwen2.5-32B-Instruct-FP8-Dynamic,Qwen2.5,32B,fp8,tier1,winogrande,5,"acc,none",0.6708760852407262,0.013206387089091472,1267,1267
1776157821.0280168,neuralmagic/Qwen2.5-7B-Instruct-FP8-Dynamic,Qwen2.5,7B,fp8,tier1,arc_challenge,25,"acc,none",0.5767918088737202,0.01443803622084805,1172,1172
1776500505.0698953,neuralmagic/Qwen2.5-7B-Instruct-FP8-Dynamic,Qwen2.5,7B,fp8,tier2,gsm8k,5,"exact_match,strict-match",0.13646702047005307,0.009455741998815539,1319,1319
1776153630.4712167,neuralmagic/Qwen2.5-7B-Instruct-FP8-Dynamic,Qwen2.5,7B,fp8,tier1,hellaswag,10,"acc,none",0.5999800836486756,0.004889007921214694,10042,10042
1776502001.492825,neuralmagic/Qwen2.5-7B-Instruct-FP8-Dynamic,Qwen2.5,7B,fp8,tier2,mmlu,N/A,"acc,none",0.7340834638940322,0.0035578886373440724,N/A,N/A
1776502001.492825,neuralmagic/Qwen2.5-7B-Instruct-FP8-Dynamic,Qwen2.5,7B,fp8,tier1,mmlu_abstract_algebra,5,"acc,none",0.53,0.05016135580465919,100,100
1776157714.436283,neuralmagic/Qwen2.5-7B-Instruct-FP8-Dynamic,Qwen2.5,7B,fp8,tier1,winogrande,5,"acc,none",0.6274664561957379,0.013588173888522457,1267,1267
1776239516.9778056,shuyuej/Llama-3.2-3B-Instruct-GPTQ,Llama-3.2,3B,gptq,tier1,arc_challenge,25,"acc,none",0.4812286689419795,0.014601090150633962,1172,1172
1776488676.3478007,shuyuej/Llama-3.2-3B-Instruct-GPTQ,Llama-3.2,3B,gptq,tier2,gsm8k,5,"exact_match,strict-match",0.6057619408642911,0.013460852357095661,1319,1319
1776235902.3848245,shuyuej/Llama-3.2-3B-Instruct-GPTQ,Llama-3.2,3B,gptq,tier1,hellaswag,10,"acc,none",0.5258912567217686,0.004983087049281753,10042,10042
1776489317.541512,shuyuej/Llama-3.2-3B-Instruct-GPTQ,Llama-3.2,3B,gptq,tier2,mmlu,N/A,"acc,none",0.5774818401937046,0.004000978031783231,N/A,N/A
1776489317.541512,shuyuej/Llama-3.2-3B-Instruct-GPTQ,Llama-3.2,3B,gptq,tier1,mmlu_abstract_algebra,5,"acc,none",0.34,0.04760952285695235,100,100
1776239425.0304017,shuyuej/Llama-3.2-3B-Instruct-GPTQ,Llama-3.2,3B,gptq,tier1,winogrande,5,"acc,none",0.6803472770323599,0.013106528517665137,1267,1267
