timestamp,model,quant,request_rate,successful_reqs,failed_reqs,duration_s,input_tokens,output_tokens,req_throughput,output_tok_throughput,peak_output_tok_throughput,total_tok_throughput,mean_ttft_ms,median_ttft_ms,p99_ttft_ms,mean_tpot_ms,median_tpot_ms,p99_tpot_ms,mean_itl_ms,median_itl_ms,p99_itl_ms
2026-04-09 16:12:01,meta-llama/Llama-3.1-8B-Instruct,bf16,1,120,0,123.21,26289,24984,0.97,202.77,570.00,416.13,56.30,40.53,295.33,9.33,9.14,12.29,9.31,9.04,18.93
2026-04-09 16:14:22,meta-llama/Llama-3.1-8B-Instruct,bf16,2,240,0,125.18,50588,48643,1.92,388.58,838.00,792.69,53.09,51.50,104.49,9.21,9.22,10.20,9.31,9.17,20.02
2026-04-09 16:16:42,meta-llama/Llama-3.1-8B-Instruct,bf16,4,480,0,123.28,96557,97566,3.89,791.43,1588.00,1574.68,38.96,34.96,70.77,9.49,9.45,10.53,9.47,9.34,18.84
2026-04-09 16:19:05,meta-llama/Llama-3.1-8B-Instruct,bf16,8,960,0,124.20,205322,182547,7.73,1469.82,2962.00,3123.01,41.82,38.67,87.94,9.91,9.78,12.52,9.86,9.61,20.92
2026-04-09 16:21:31,meta-llama/Llama-3.1-8B-Instruct,bf16,16,1920,0,125.79,430024,364825,15.26,2900.35,4714.00,6319.03,49.99,41.82,136.14,11.08,10.57,17.17,10.99,10.03,33.14
2026-04-09 16:25:25,neuralmagic/Meta-Llama-3.1-8B-Instruct-FP8,fp8,1,120,0,121.97,26289,24942,0.98,204.49,838.00,420.02,60.38,49.80,171.24,5.82,5.73,7.28,6.59,5.63,22.34
2026-04-09 16:27:48,neuralmagic/Meta-Llama-3.1-8B-Instruct-FP8,fp8,2,240,0,122.62,50588,48718,1.96,397.32,1004.00,809.89,35.08,31.91,69.33,5.64,5.62,6.53,5.71,5.56,12.27
2026-04-09 16:30:07,neuralmagic/Meta-Llama-3.1-8B-Instruct-FP8,fp8,4,480,0,121.95,96557,98129,3.94,804.65,1715.00,1596.41,41.52,38.92,91.68,5.96,5.83,8.49,6.11,5.76,18.50
2026-04-09 16:32:25,neuralmagic/Meta-Llama-3.1-8B-Instruct-FP8,fp8,8,960,0,122.02,205322,183458,7.87,1503.48,2574.00,3186.13,37.23,33.86,95.86,6.36,6.13,9.22,6.39,5.95,18.65
2026-04-09 16:34:49,neuralmagic/Meta-Llama-3.1-8B-Instruct-FP8,fp8,16,1920,0,123.82,430024,365085,15.51,2948.59,5108.00,6421.65,41.22,33.33,156.83,8.55,8.17,14.82,8.49,7.83,24.85
2026-04-09 16:38:34,hugging-quants/Meta-Llama-3.1-8B-Instruct-AWQ-INT4,awq,1,120,0,122.40,26289,24803,0.98,202.63,691.00,417.40,44.23,37.29,162.43,7.02,6.83,9.34,6.96,6.78,13.01
2026-04-09 16:40:56,hugging-quants/Meta-Llama-3.1-8B-Instruct-AWQ-INT4,awq,2,240,0,123.55,50588,48911,1.94,395.87,924.00,805.32,35.28,32.25,69.65,6.93,6.89,7.66,6.92,6.82,12.47
2026-04-09 16:43:16,hugging-quants/Meta-Llama-3.1-8B-Instruct-AWQ-INT4,awq,4,480,0,122.44,96557,97406,3.92,795.52,1608.00,1584.12,34.11,30.66,69.47,7.23,7.11,8.86,7.20,6.98,16.47
2026-04-09 16:45:41,hugging-quants/Meta-Llama-3.1-8B-Instruct-AWQ-INT4,awq,8,960,0,122.85,205322,183587,7.81,1494.45,2957.00,3165.83,36.97,29.42,94.17,7.65,7.29,13.10,7.54,7.16,24.65
2026-04-09 16:48:10,hugging-quants/Meta-Llama-3.1-8B-Instruct-AWQ-INT4,awq,16,1920,0,124.96,430024,363960,15.37,2912.63,4067.00,6353.95,50.97,44.87,127.33,10.52,9.78,21.88,10.31,8.30,36.45
2026-04-09 16:52:03,hugging-quants/Meta-Llama-3.1-8B-Instruct-GPTQ-INT4,gptq,1,120,0,121.21,26901,24851,0.99,205.03,847.00,426.98,54.73,45.08,158.70,7.18,7.12,8.66,7.30,7.05,17.30
2026-04-09 16:54:23,hugging-quants/Meta-Llama-3.1-8B-Instruct-GPTQ-INT4,gptq,2,240,0,122.50,51329,47595,1.96,388.52,988.00,807.51,41.87,38.58,83.90,7.20,7.16,8.23,7.20,7.06,13.87
2026-04-09 16:56:42,hugging-quants/Meta-Llama-3.1-8B-Instruct-GPTQ-INT4,gptq,4,480,0,121.31,97069,97421,3.96,803.08,1677.00,1603.25,34.94,30.95,70.45,7.51,7.42,9.15,7.50,7.28,16.21
2026-04-09 16:59:02,hugging-quants/Meta-Llama-3.1-8B-Instruct-GPTQ-INT4,gptq,8,960,0,122.36,204094,179875,7.85,1470.02,2889.00,3137.97,41.25,32.00,131.19,8.08,7.59,13.05,8.00,7.44,28.68
2026-04-09 17:01:26,hugging-quants/Meta-Llama-3.1-8B-Instruct-GPTQ-INT4,gptq,16,1920,0,125.34,424893,362203,15.32,2889.80,4006.00,6279.76,56.33,48.80,150.96,11.03,10.58,20.58,10.83,10.70,36.58
2026-04-09 17:05:31,Qwen/Qwen2.5-7B-Instruct,bf16,1,120,0,121.35,27291,25527,0.99,210.36,792.00,435.26,51.45,39.45,179.62,8.01,7.97,8.70,8.17,7.90,18.71
2026-04-09 17:07:45,Qwen/Qwen2.5-7B-Instruct,bf16,2,240,0,123.10,52282,49973,1.95,405.96,914.00,830.68,36.88,31.99,74.13,8.05,8.03,8.74,8.00,7.95,12.21
2026-04-09 17:10:06,Qwen/Qwen2.5-7B-Instruct,bf16,4,480,0,122.60,98836,101723,3.92,829.68,1615.00,1635.82,33.85,30.97,63.00,8.26,8.20,9.24,8.23,8.11,14.15
2026-04-09 17:12:28,Qwen/Qwen2.5-7B-Instruct,bf16,8,960,0,122.64,207444,186877,7.83,1523.80,2700.00,3215.30,45.97,41.55,103.93,8.84,8.65,12.44,8.78,8.40,21.79
2026-04-09 17:14:54,Qwen/Qwen2.5-7B-Instruct,bf16,16,1920,0,125.45,429516,373666,15.31,2978.69,4619.00,6402.59,51.93,45.44,142.66,10.87,9.85,22.76,10.78,9.07,32.48
2026-04-09 17:18:44,neuralmagic/Qwen2.5-7B-Instruct-FP8-Dynamic,fp8,1,120,0,120.93,27291,25290,0.99,209.13,1015.00,434.81,40.07,30.19,166.67,5.47,5.46,6.23,5.51,5.42,10.20
2026-04-09 17:21:03,neuralmagic/Qwen2.5-7B-Instruct-FP8-Dynamic,fp8,2,240,0,121.27,52282,49950,1.98,411.90,1140.00,843.03,29.63,27.02,53.36,5.55,5.52,6.35,5.55,5.48,9.54
2026-04-09 17:23:22,neuralmagic/Qwen2.5-7B-Instruct-FP8-Dynamic,fp8,4,480,0,121.02,98836,102198,3.97,844.44,1822.00,1661.10,28.31,26.05,52.53,5.66,5.63,6.39,5.66,5.55,11.96
2026-04-09 17:25:43,neuralmagic/Qwen2.5-7B-Instruct-FP8-Dynamic,fp8,8,960,0,121.62,207444,187393,7.89,1540.83,2685.00,3246.52,29.72,25.33,68.45,6.07,5.86,8.43,6.05,5.68,14.89
2026-04-09 17:28:10,neuralmagic/Qwen2.5-7B-Instruct-FP8-Dynamic,fp8,16,1920,0,124.05,429516,373257,15.48,3008.81,4793.00,6471.12,65.31,58.82,170.61,9.49,8.91,18.44,9.63,7.65,33.65
2026-04-09 17:32:05,Qwen/Qwen2.5-7B-Instruct-AWQ,awq,1,120,0,121.29,27291,25494,0.99,210.19,891.00,435.19,57.94,48.11,155.74,6.50,6.36,9.21,7.31,6.02,23.49
2026-04-09 17:34:26,Qwen/Qwen2.5-7B-Instruct-AWQ,awq,2,240,0,123.35,52282,50090,1.95,406.08,874.00,829.94,63.69,61.61,117.85,7.28,6.85,11.35,8.27,6.90,25.81
2026-04-09 17:36:49,Qwen/Qwen2.5-7B-Instruct-AWQ,awq,4,480,0,124.08,98836,102117,3.87,822.98,1688.00,1619.52,55.09,52.49,108.43,7.21,6.55,13.59,7.71,6.20,24.26
2026-04-09 17:39:08,Qwen/Qwen2.5-7B-Instruct-AWQ,awq,8,960,0,121.83,207444,187409,7.88,1538.31,2953.00,3241.07,33.36,25.95,79.73,6.62,6.35,9.35,6.54,6.18,19.51
2026-04-09 17:41:36,Qwen/Qwen2.5-7B-Instruct-AWQ,awq,16,1920,0,124.05,429516,371831,15.48,2997.44,4266.00,6459.90,45.91,40.16,124.26,8.66,8.22,16.31,8.51,7.09,28.95
2026-04-09 17:45:26,Qwen/Qwen2.5-7B-Instruct-GPTQ-Int4,gptq,1,120,0,120.98,27291,25574,0.99,211.40,847.00,436.99,67.49,54.75,201.00,7.40,6.65,15.59,7.82,6.01,24.85
2026-04-09 17:47:47,Qwen/Qwen2.5-7B-Instruct-GPTQ-Int4,gptq,2,240,0,123.84,52282,50262,1.94,405.86,1175.00,828.03,55.75,51.49,122.13,7.44,6.43,12.39,7.57,5.94,24.14
2026-04-09 17:50:04,Qwen/Qwen2.5-7B-Instruct-GPTQ-Int4,gptq,4,480,0,121.07,98836,102174,3.96,843.95,2390.00,1660.32,37.91,26.94,127.32,6.87,5.91,17.72,6.72,5.82,22.45
2026-04-09 17:52:24,Qwen/Qwen2.5-7B-Instruct-GPTQ-Int4,gptq,8,960,0,121.87,207444,187483,7.88,1538.40,2724.00,3240.58,44.48,41.69,101.53,6.82,6.46,10.15,6.75,6.03,21.32
2026-04-09 17:54:50,Qwen/Qwen2.5-7B-Instruct-GPTQ-Int4,gptq,16,1920,0,123.92,429516,373326,15.49,3012.66,6094.00,6478.76,55.65,38.93,268.10,10.24,7.90,52.29,9.18,6.84,52.47
2026-04-09 17:59:34,Qwen/Qwen2.5-32B-Instruct,bf16,1,120,0,128.44,27291,25197,0.93,196.18,373.00,408.67,149.19,127.96,291.43,35.34,35.28,38.90,35.25,34.50,75.30
2026-04-09 18:02:15,Qwen/Qwen2.5-32B-Instruct,bf16,2,240,0,142.70,52282,49319,1.68,345.61,664.00,711.98,147.81,136.39,283.36,38.34,38.19,46.38,38.11,36.29,108.25
2026-04-09 18:05:01,Qwen/Qwen2.5-32B-Instruct,bf16,4,480,0,145.09,98836,100412,3.31,692.08,1234.00,1373.30,3248.03,2994.52,8964.45,48.89,46.09,95.93,46.28,37.65,213.63
2026-04-09 18:09:23,Qwen/Qwen2.5-32B-Instruct,bf16,8,960,0,242.48,207444,184895,3.96,762.51,1247.00,1618.00,53816.57,55119.92,99892.88,54.58,49.53,145.95,48.90,38.25,216.14
2026-04-09 18:17:36,Qwen/Qwen2.5-32B-Instruct,bf16,16,1920,0,479.50,429516,369098,4.00,769.75,1273.00,1665.51,167143.82,165664.91,335440.88,55.35,50.14,139.26,49.63,38.23,227.80
2026-04-09 18:22:38,neuralmagic/Qwen2.5-32B-Instruct-FP8-Dynamic,fp8,1,120,0,123.39,27291,25376,0.97,205.66,447.00,426.85,125.87,110.48,244.31,20.55,20.25,26.75,20.37,19.59,47.09
2026-04-09 18:25:04,neuralmagic/Qwen2.5-32B-Instruct-FP8-Dynamic,fp8,2,240,0,132.08,52282,49126,1.82,371.95,685.00,767.79,88.81,73.70,208.80,20.74,20.39,26.10,20.61,20.01,39.86
2026-04-09 18:27:36,neuralmagic/Qwen2.5-32B-Instruct-FP8-Dynamic,fp8,4,480,0,132.74,98836,99997,3.62,753.32,1380.00,1497.89,121.34,112.36,237.07,28.71,28.48,39.78,28.40,27.65,84.00
2026-04-09 18:30:11,neuralmagic/Qwen2.5-32B-Instruct-FP8-Dynamic,fp8,8,960,0,133.81,207444,184147,7.17,1376.22,2638.00,2926.55,186.29,173.51,416.97,40.71,40.69,69.62,39.61,31.64,149.46
2026-04-09 18:33:31,neuralmagic/Qwen2.5-32B-Instruct-FP8-Dynamic,fp8,16,1920,0,181.67,429516,368743,10.57,2029.69,4238.00,4393.91,15285.36,15945.21,37837.66,110.75,115.60,158.68,106.04,96.80,273.49
2026-04-09 18:38:09,Qwen/Qwen2.5-32B-Instruct-AWQ,awq,1,120,0,124.60,27291,24929,0.96,200.07,432.00,419.10,144.27,124.54,366.83,24.47,24.04,33.45,24.31,23.20,89.03
2026-04-09 18:40:38,Qwen/Qwen2.5-32B-Instruct-AWQ,awq,2,240,0,134.91,52282,49385,1.78,366.06,719.00,753.59,108.68,89.28,279.01,24.92,23.99,33.54,24.70,23.68,58.97
2026-04-09 18:43:10,Qwen/Qwen2.5-32B-Instruct-AWQ,awq,4,480,0,134.71,98836,100262,3.56,744.28,1196.00,1477.98,112.91,91.75,269.18,28.41,24.96,56.05,27.96,23.98,103.92
2026-04-09 18:45:49,Qwen/Qwen2.5-32B-Instruct-AWQ,awq,8,960,0,143.14,207444,184303,6.71,1287.55,2387.00,2736.75,302.69,265.81,796.08,78.65,68.51,189.24,72.09,48.38,330.87
2026-04-09 18:50:16,Qwen/Qwen2.5-32B-Instruct-AWQ,awq,16,1920,0,244.18,429516,368075,7.86,1507.41,3093.00,3266.44,40077.76,40328.31,94047.53,158.78,162.25,263.57,149.06,124.27,441.80
2026-04-09 18:54:34,Qwen/Qwen2.5-32B-Instruct-GPTQ-Int4,gptq,1,120,0,124.26,27291,25319,0.97,203.76,441.00,423.40,141.03,122.96,292.42,23.63,23.27,32.47,23.42,22.27,81.70
2026-04-09 18:57:07,Qwen/Qwen2.5-32B-Instruct-GPTQ-Int4,gptq,2,240,0,134.16,52282,49148,1.79,366.33,767.00,756.01,97.28,75.85,248.41,23.90,22.90,32.74,23.62,22.66,58.80
2026-04-09 18:59:37,Qwen/Qwen2.5-32B-Instruct-GPTQ-Int4,gptq,4,480,0,133.89,98836,99991,3.58,746.80,1202.00,1484.98,104.16,81.36,274.97,26.49,23.28,49.99,26.10,22.45,101.93
2026-04-09 19:02:18,Qwen/Qwen2.5-32B-Instruct-GPTQ-Int4,gptq,8,960,0,141.33,207444,183461,6.79,1298.12,2444.00,2765.94,289.10,251.33,767.11,72.42,64.39,182.32,66.58,45.00,310.49
2026-04-09 19:06:39,Qwen/Qwen2.5-32B-Instruct-GPTQ-Int4,gptq,16,1920,0,243.37,429516,365917,7.89,1503.55,3009.00,3268.42,40054.08,40268.87,94571.68,159.71,162.26,260.36,149.77,124.84,451.74
2026-04-09 19:10:58,Qwen/Qwen3-8B,bf16,1,120,0,121.57,27291,25881,0.99,212.89,698.00,437.39,62.39,47.90,178.16,9.27,9.26,10.27,9.40,9.23,19.64
2026-04-09 19:13:16,Qwen/Qwen3-8B,bf16,2,240,0,124.13,52282,51749,1.93,416.88,847.00,838.06,57.70,54.10,111.26,9.62,9.58,11.14,10.04,9.54,25.18
2026-04-09 19:15:38,Qwen/Qwen3-8B,bf16,4,480,0,123.70,98836,105103,3.88,849.66,1626.00,1648.65,51.26,46.55,112.44,9.78,9.65,11.98,9.85,9.61,23.28
2026-04-09 19:17:57,Qwen/Qwen3-8B,bf16,8,960,0,123.29,207444,194241,7.79,1575.46,2736.00,3258.01,45.99,42.44,92.74,10.19,10.08,12.46,10.16,9.83,24.09
2026-04-09 19:20:25,Qwen/Qwen3-8B,bf16,16,1920,0,126.47,429516,391372,15.18,3094.58,4736.00,6490.76,72.75,67.56,157.98,12.43,12.35,18.95,12.38,10.86,39.50
2026-04-09 19:28:42,Qwen/Qwen3-8B-FP8,fp8,1,120,0,121.01,27291,25881,0.99,213.87,867.00,439.39,59.84,43.68,305.14,6.51,6.21,9.83,7.11,6.04,23.29
2026-04-09 19:30:59,Qwen/Qwen3-8B-FP8,fp8,2,240,0,122.09,52282,51749,1.97,423.88,980.00,852.12,45.43,42.67,101.43,6.38,6.18,8.63,6.97,6.04,22.75
2026-04-09 19:33:22,Qwen/Qwen3-8B-FP8,fp8,4,480,0,121.42,98836,105103,3.95,865.61,1782.00,1679.60,70.51,63.68,166.17,8.23,7.40,16.25,8.84,6.73,32.42
2026-04-09 19:35:44,Qwen/Qwen3-8B-FP8,fp8,8,960,0,122.13,207444,194494,7.86,1592.46,3222.00,3290.95,74.05,66.42,185.34,8.74,7.46,18.37,9.26,7.03,36.86
2026-04-09 19:38:10,Qwen/Qwen3-8B-FP8,fp8,16,1920,0,124.81,429516,391396,15.38,3135.94,5002.00,6577.29,70.93,60.82,187.61,9.51,8.84,18.13,9.96,7.66,43.98
2026-04-09 19:42:24,Qwen/Qwen3-8B-AWQ,awq,1,120,0,121.27,27291,25881,0.99,213.41,821.00,438.45,48.77,39.03,168.77,7.60,7.55,8.53,7.63,7.49,14.49
2026-04-09 19:44:45,Qwen/Qwen3-8B-AWQ,awq,2,240,0,122.93,52282,51749,1.95,420.95,948.00,846.24,49.23,46.99,100.23,7.79,7.72,9.26,7.83,7.50,18.36
2026-04-09 19:47:05,Qwen/Qwen3-8B-AWQ,awq,4,480,0,122.54,98836,105010,3.92,856.96,1586.00,1663.53,45.32,40.96,112.93,8.09,7.97,10.60,8.21,7.77,22.25
2026-04-09 19:49:26,Qwen/Qwen3-8B-AWQ,awq,8,960,0,122.54,207444,194337,7.83,1585.94,2767.00,3278.84,47.36,41.47,103.17,8.76,8.67,12.32,8.80,8.10,27.57
2026-04-09 19:51:55,Qwen/Qwen3-8B-AWQ,awq,16,1920,0,126.02,429516,391039,15.24,3102.96,4471.00,6511.25,59.24,53.67,138.56,13.56,13.13,20.98,13.41,12.33,40.73
2026-04-09 21:42:50,meta-llama/Llama-3.2-3B-Instruct,bf16,1,120,0,121.56,26289,24458,0.99,201.20,865.00,417.46,23.75,18.24,81.79,4.43,4.42,4.74,4.42,4.41,4.79
2026-04-09 21:45:01,meta-llama/Llama-3.2-3B-Instruct,bf16,2,240,0,121.78,50588,47816,1.97,392.66,1012.00,808.08,17.70,16.94,31.87,4.49,4.49,4.74,4.48,4.48,4.98
2026-04-09 21:47:11,meta-llama/Llama-3.2-3B-Instruct,bf16,4,480,0,121.53,96557,96359,3.95,792.89,1706.00,1587.42,18.70,17.96,33.00,4.63,4.62,5.16,4.61,4.58,5.27
2026-04-09 21:49:22,meta-llama/Llama-3.2-3B-Instruct,bf16,8,960,0,121.24,205322,180438,7.92,1488.32,3026.00,3181.89,19.87,18.66,34.56,4.85,4.84,5.81,4.81,4.79,7.38
2026-04-09 21:51:35,meta-llama/Llama-3.2-3B-Instruct,bf16,16,1920,0,122.59,430024,360990,15.66,2944.68,4951.00,6452.49,21.44,19.92,39.03,5.10,5.02,6.26,5.06,4.95,10.32
2026-04-09 21:54:52,RedHatAI/Llama-3.2-3B-Instruct-FP8-dynamic,fp8,1,120,0,121.13,26289,24472,0.99,202.03,1093.00,419.05,23.22,17.14,96.28,3.20,3.19,3.51,3.19,3.19,4.15
2026-04-09 21:57:03,RedHatAI/Llama-3.2-3B-Instruct-FP8-dynamic,fp8,2,240,0,120.85,50588,47625,1.99,394.09,1295.00,812.70,16.87,15.78,31.36,3.22,3.23,3.38,3.22,3.22,4.26
2026-04-09 21:59:13,RedHatAI/Llama-3.2-3B-Instruct-FP8-dynamic,fp8,4,480,0,121.06,96557,96182,3.96,794.47,1957.00,1592.03,16.35,15.25,27.56,3.31,3.29,3.56,3.30,3.27,4.67
2026-04-09 22:01:24,RedHatAI/Llama-3.2-3B-Instruct-FP8-dynamic,fp8,8,960,0,120.41,205322,181141,7.97,1504.37,3063.00,3209.57,17.04,15.69,31.08,3.45,3.44,4.02,3.43,3.39,6.20
2026-04-09 22:03:37,RedHatAI/Llama-3.2-3B-Instruct-FP8-dynamic,fp8,16,1920,0,122.02,430024,359405,15.73,2945.36,4947.00,6469.45,18.74,17.19,34.38,3.81,3.73,4.78,3.79,3.61,7.92
2026-04-09 22:06:44,AMead10/Llama-3.2-3B-Instruct-AWQ,awq,1,120,0,121.34,26289,24441,0.99,201.43,961.00,418.09,24.20,17.46,87.79,3.80,3.79,4.24,3.79,3.78,4.09
2026-04-09 22:08:53,AMead10/Llama-3.2-3B-Instruct-AWQ,awq,2,240,0,121.30,50588,48499,1.98,399.82,1165.00,816.87,17.06,15.37,33.66,3.84,3.84,4.05,3.83,3.83,4.18
2026-04-09 22:11:03,AMead10/Llama-3.2-3B-Instruct-AWQ,awq,4,480,0,121.29,96557,96284,3.96,793.85,1813.00,1589.95,17.67,16.01,33.58,3.95,3.93,4.47,3.93,3.88,4.48
2026-04-09 22:13:12,AMead10/Llama-3.2-3B-Instruct-AWQ,awq,8,960,0,120.82,205322,181092,7.95,1498.88,3009.00,3198.30,18.99,16.94,37.74,4.13,4.10,5.26,4.10,4.05,6.75
2026-04-09 22:15:23,AMead10/Llama-3.2-3B-Instruct-AWQ,awq,16,1920,0,121.74,430024,361149,15.77,2966.60,4881.00,6498.96,20.81,18.19,43.38,4.54,4.47,6.12,4.50,4.29,13.35
2026-04-09 22:18:29,shuyuej/Llama-3.2-3B-Instruct-GPTQ,gptq,1,120,0,121.32,26289,24842,0.99,204.77,976.00,421.47,23.79,18.08,82.05,3.74,3.73,4.23,3.73,3.72,4.05
2026-04-09 22:20:38,shuyuej/Llama-3.2-3B-Instruct-GPTQ,gptq,2,240,0,121.26,50588,48286,1.98,398.21,1146.00,815.40,16.90,15.48,34.95,3.77,3.78,3.99,3.77,3.77,4.24
2026-04-09 22:22:47,shuyuej/Llama-3.2-3B-Instruct-GPTQ,gptq,4,480,0,121.26,96557,96153,3.96,792.92,1853.00,1589.17,17.44,15.97,34.02,3.88,3.85,4.49,3.86,3.82,4.59
2026-04-09 22:24:57,shuyuej/Llama-3.2-3B-Instruct-GPTQ,gptq,8,960,0,120.77,205322,179923,7.95,1489.76,3046.00,3189.83,18.58,16.47,37.04,4.06,4.03,5.11,4.02,3.98,6.74
2026-04-09 22:27:08,shuyuej/Llama-3.2-3B-Instruct-GPTQ,gptq,16,1920,0,122.36,430024,359728,15.69,2940.03,5028.00,6454.59,20.35,17.77,43.30,4.42,4.33,5.96,4.38,4.20,12.49
2026-04-09 22:30:16,deepseek-ai/DeepSeek-R1-Distill-Qwen-7B,bf16,1,120,0,122.78,26679,25636,0.98,208.80,656.00,426.10,33.12,28.20,89.22,7.88,7.84,8.63,7.85,7.81,8.27
2026-04-09 22:32:28,deepseek-ai/DeepSeek-R1-Distill-Qwen-7B,bf16,2,240,0,124.31,51443,51945,1.93,417.87,895.00,831.71,27.62,25.65,55.95,7.92,7.92,8.41,7.89,7.88,8.38
2026-04-09 22:34:39,deepseek-ai/DeepSeek-R1-Distill-Qwen-7B,bf16,4,480,0,122.83,98289,102273,3.91,832.61,1585.00,1632.79,28.59,26.54,54.47,8.11,8.08,8.99,8.07,7.99,9.12
2026-04-09 22:36:51,deepseek-ai/DeepSeek-R1-Distill-Qwen-7B,bf16,8,960,0,123.58,208537,192964,7.77,1561.39,3004.00,3248.80,30.81,27.87,64.51,8.49,8.35,11.28,8.41,8.24,17.28
2026-04-09 22:39:06,deepseek-ai/DeepSeek-R1-Distill-Qwen-7B,bf16,16,1920,0,124.85,433805,387225,15.38,3101.55,4950.00,6576.19,33.94,29.81,71.52,9.20,8.80,12.92,9.13,8.63,27.93
2026-04-09 22:42:23,neuralmagic/DeepSeek-R1-Distill-Qwen-7B-FP8-dynamic,fp8,1,120,0,121.90,26679,25636,0.98,210.31,841.00,429.18,29.63,21.91,86.86,5.38,5.36,5.97,5.37,5.34,5.62
2026-04-09 22:44:33,neuralmagic/DeepSeek-R1-Distill-Qwen-7B-FP8-dynamic,fp8,2,240,0,122.47,51443,51398,1.96,419.68,1054.00,839.73,22.41,20.22,48.75,5.41,5.41,5.69,5.40,5.40,5.72
2026-04-09 22:46:43,neuralmagic/DeepSeek-R1-Distill-Qwen-7B-FP8-dynamic,fp8,4,480,0,121.89,98289,101707,3.94,834.39,1788.00,1640.73,22.54,20.13,47.15,5.53,5.48,6.55,5.50,5.44,7.22
2026-04-09 22:48:54,neuralmagic/DeepSeek-R1-Distill-Qwen-7B-FP8-dynamic,fp8,8,960,0,121.88,208537,192706,7.88,1581.10,2716.00,3292.09,24.90,21.50,52.94,5.84,5.67,7.98,5.80,5.53,9.46
2026-04-09 22:51:07,neuralmagic/DeepSeek-R1-Distill-Qwen-7B-FP8-dynamic,fp8,16,1920,0,123.44,433805,386611,15.55,3132.08,5294.00,6646.50,29.23,25.40,61.12,7.58,7.33,10.29,7.52,7.24,25.56
2026-04-09 22:54:13,AngelSlim/Deepseek_r1_distill_qwen-7b_int4_awq,awq,1,120,0,122.07,26679,25636,0.98,210.02,831.00,428.58,33.99,23.76,92.76,5.88,5.84,6.75,5.85,5.81,6.17
2026-04-09 22:56:24,AngelSlim/Deepseek_r1_distill_qwen-7b_int4_awq,awq,2,240,0,122.83,51443,51594,1.95,420.03,1032.00,838.84,24.67,20.95,59.41,5.89,5.86,6.42,5.87,5.84,6.29
2026-04-09 22:58:34,AngelSlim/Deepseek_r1_distill_qwen-7b_int4_awq,awq,4,480,0,122.09,98289,102282,3.93,837.79,1763.00,1642.88,24.92,21.50,58.46,6.03,5.94,7.41,6.00,5.90,7.38
2026-04-09 23:00:45,AngelSlim/Deepseek_r1_distill_qwen-7b_int4_awq,awq,8,960,0,122.25,208537,193322,7.85,1581.31,3018.00,3287.08,27.61,22.39,69.03,6.37,6.13,10.07,6.29,6.02,14.49
2026-04-09 23:02:59,AngelSlim/Deepseek_r1_distill_qwen-7b_int4_awq,awq,16,1920,0,123.65,433805,388395,15.53,3141.13,4605.00,6649.51,32.58,26.13,80.04,7.69,7.12,13.13,7.62,6.61,33.70
2026-04-09 23:06:06,jakiAJK/DeepSeek-R1-Distill-Qwen-7B_GPTQ-int4,gptq,1,120,0,122.07,26679,25513,0.98,209.01,836.00,427.57,34.27,25.60,94.89,5.88,5.84,6.75,5.86,5.82,6.13
2026-04-09 23:08:17,jakiAJK/DeepSeek-R1-Distill-Qwen-7B_GPTQ-int4,gptq,2,240,0,122.84,51443,51452,1.95,418.84,1033.00,837.61,24.21,20.66,58.98,5.90,5.87,6.41,5.88,5.85,6.22
2026-04-09 23:10:28,jakiAJK/DeepSeek-R1-Distill-Qwen-7B_GPTQ-int4,gptq,4,480,0,122.08,98289,102459,3.93,839.25,1762.00,1644.35,24.86,21.51,58.40,6.04,5.95,7.43,6.00,5.91,7.51
2026-04-09 23:12:40,jakiAJK/DeepSeek-R1-Distill-Qwen-7B_GPTQ-int4,gptq,8,960,0,122.26,208537,193554,7.85,1583.16,3090.00,3288.87,27.60,22.20,70.80,6.36,6.13,10.28,6.27,6.03,14.33
2026-04-09 23:14:54,jakiAJK/DeepSeek-R1-Distill-Qwen-7B_GPTQ-int4,gptq,16,1920,0,123.59,433805,385850,15.54,3122.03,4587.00,6632.07,31.85,25.20,79.57,7.34,6.77,12.47,7.25,6.37,33.13
2026-04-09 23:18:15,deepseek-ai/DeepSeek-R1-Distill-Qwen-14B,bf16,1,120,0,125.75,26679,25636,0.95,203.87,477.00,416.04,65.31,55.10,115.89,16.62,16.61,17.87,16.51,16.35,18.61
2026-04-09 23:20:34,deepseek-ai/DeepSeek-R1-Distill-Qwen-14B,bf16,2,240,0,130.68,51443,51657,1.84,395.30,715.00,788.97,54.30,50.20,103.10,16.92,16.84,18.97,16.84,16.76,17.80
2026-04-09 23:22:50,deepseek-ai/DeepSeek-R1-Distill-Qwen-14B,bf16,4,480,0,127.30,98289,102158,3.77,802.51,1580.00,1574.62,55.99,52.00,108.42,17.49,17.24,20.16,17.38,17.09,33.54
2026-04-09 23:25:09,deepseek-ai/DeepSeek-R1-Distill-Qwen-14B,bf16,8,960,0,129.84,208537,192539,7.39,1482.90,2378.00,3089.02,71.03,59.93,176.47,19.85,19.29,30.52,19.45,17.84,67.69
2026-04-09 23:27:41,deepseek-ai/DeepSeek-R1-Distill-Qwen-14B,bf16,16,1920,0,141.19,433805,386605,13.60,2738.14,4791.00,5810.57,137.51,124.49,344.91,35.99,34.87,63.01,34.49,24.14,135.72
2026-04-09 23:31:10,RedHatAI/DeepSeek-R1-Distill-Qwen-14B-FP8-dynamic,fp8,1,120,0,123.48,26679,25636,0.97,207.62,546.00,423.68,48.44,38.11,110.73,10.04,9.94,11.50,9.98,9.82,11.49
2026-04-09 23:33:24,RedHatAI/DeepSeek-R1-Distill-Qwen-14B-FP8-dynamic,fp8,2,240,0,125.91,51443,51640,1.91,410.13,827.00,818.69,38.60,34.35,88.40,10.11,10.06,11.13,10.08,10.03,13.53
2026-04-09 23:35:37,RedHatAI/DeepSeek-R1-Distill-Qwen-14B-FP8-dynamic,fp8,4,480,0,123.62,98289,102347,3.88,827.91,1414.00,1623.00,39.59,35.01,84.58,10.82,10.51,14.87,10.75,10.43,18.86
2026-04-09 23:37:52,RedHatAI/DeepSeek-R1-Distill-Qwen-14B-FP8-dynamic,fp8,8,960,0,125.81,208537,192523,7.63,1530.31,2762.00,3187.91,49.69,42.66,117.04,14.42,13.95,21.09,14.17,13.81,43.34
2026-04-09 23:40:14,RedHatAI/DeepSeek-R1-Distill-Qwen-14B-FP8-dynamic,fp8,16,1920,0,131.39,433805,387297,14.61,2947.64,4729.00,6249.25,82.90,76.64,184.60,21.46,21.33,35.71,20.76,17.25,71.51
2026-04-09 23:43:33,Corianas/DeepSeek-R1-Distill-Qwen-14B-AWQ,awq,1,120,0,124.02,26679,25636,0.97,206.71,517.00,421.84,60.67,48.65,134.69,11.72,11.59,13.82,11.63,11.40,12.38
2026-04-09 23:45:49,Corianas/DeepSeek-R1-Distill-Qwen-14B-AWQ,awq,2,240,0,127.09,51443,51675,1.89,406.61,809.00,811.40,44.99,37.52,113.64,11.86,11.73,14.46,11.78,11.62,12.55
2026-04-09 23:48:02,Corianas/DeepSeek-R1-Distill-Qwen-14B-AWQ,awq,4,480,0,124.32,98289,102581,3.86,825.14,1697.00,1615.75,46.41,39.40,114.04,12.47,12.13,16.43,12.35,11.94,28.76
2026-04-09 23:50:19,Corianas/DeepSeek-R1-Distill-Qwen-14B-AWQ,awq,8,960,0,126.55,208537,192461,7.59,1520.88,2235.00,3168.79,57.62,45.13,172.24,14.61,13.86,26.38,14.24,12.53,65.86
2026-04-09 23:52:52,Corianas/DeepSeek-R1-Distill-Qwen-14B-AWQ,awq,16,1920,0,142.66,433805,385540,13.46,2702.60,4502.00,5743.53,175.02,161.42,389.79,50.92,53.03,83.43,48.65,37.28,159.64
2026-04-09 23:56:11,RedHatAI/DeepSeek-R1-Distill-Qwen-14B-quantized.w4a16,gptq,1,120,0,123.97,26679,25636,0.97,206.80,521.00,422.01,60.57,48.00,138.76,11.57,11.41,13.69,11.48,11.26,12.23
2026-04-09 23:58:27,RedHatAI/DeepSeek-R1-Distill-Qwen-14B-quantized.w4a16,gptq,2,240,0,126.98,51443,51934,1.89,408.99,813.00,814.12,45.10,37.37,113.86,11.68,11.56,13.31,11.63,11.47,12.30
2026-04-10 00:00:40,RedHatAI/DeepSeek-R1-Distill-Qwen-14B-quantized.w4a16,gptq,4,480,0,124.22,98289,102699,3.86,826.72,1686.00,1617.94,45.35,38.04,111.82,12.28,11.96,16.30,12.15,11.74,28.80
2026-04-10 00:02:55,RedHatAI/DeepSeek-R1-Distill-Qwen-14B-quantized.w4a16,gptq,8,960,0,126.38,208537,193718,7.60,1532.82,2378.00,3182.89,55.13,41.86,168.55,13.68,12.75,25.55,13.31,11.96,65.25
2026-04-10 00:05:27,RedHatAI/DeepSeek-R1-Distill-Qwen-14B-quantized.w4a16,gptq,16,1920,0,142.01,433805,388805,13.52,2737.89,4777.00,5792.66,177.25,166.07,383.19,51.79,54.51,83.55,49.41,37.78,169.74
2026-04-10 00:09:15,deepseek-ai/DeepSeek-R1-Distill-Qwen-32B,bf16,1,120,0,131.97,26679,25636,0.91,194.25,354.00,396.41,129.19,107.16,258.17,35.21,35.07,38.76,34.98,34.23,74.48
2026-04-10 00:11:47,deepseek-ai/DeepSeek-R1-Distill-Qwen-32B,bf16,2,240,0,143.76,51443,51945,1.67,361.34,647.00,719.19,135.49,115.11,287.28,38.34,38.37,48.88,38.15,36.78,122.82
2026-04-10 00:14:24,deepseek-ai/DeepSeek-R1-Distill-Qwen-32B,bf16,4,480,0,147.56,98289,102778,3.25,696.51,1376.00,1362.60,6148.63,6176.00,14577.24,58.62,48.35,242.41,48.70,37.38,236.47
2026-04-10 00:18:50,deepseek-ai/DeepSeek-R1-Distill-Qwen-32B,bf16,8,960,0,257.28,208537,193610,3.73,752.52,1236.00,1563.05,59226.31,60826.99,115475.80,55.48,50.14,140.51,49.77,38.00,241.84
2026-04-10 00:27:32,deepseek-ai/DeepSeek-R1-Distill-Qwen-32B,bf16,16,1920,0,510.80,433805,388117,3.76,759.83,1262.00,1609.10,178979.16,176210.48,368070.58,55.26,50.38,137.88,49.86,37.86,242.88
2026-04-10 00:32:45,neuralmagic/DeepSeek-R1-Distill-Qwen-32B-FP8-dynamic,fp8,1,120,0,126.88,26679,25636,0.95,202.05,411.00,412.31,105.85,75.37,303.70,20.28,20.06,23.95,20.14,19.49,43.06
2026-04-10 00:35:14,neuralmagic/DeepSeek-R1-Distill-Qwen-32B-FP8-dynamic,fp8,2,240,0,133.17,51443,51825,1.80,389.17,743.00,775.47,79.14,67.20,190.06,20.58,20.20,26.19,20.47,19.89,35.29
2026-04-10 00:37:41,neuralmagic/DeepSeek-R1-Distill-Qwen-32B-FP8-dynamic,fp8,4,480,0,130.34,98289,102541,3.68,786.70,1421.00,1540.77,93.19,80.82,203.92,28.47,28.09,39.90,28.19,27.45,81.05
2026-04-10 00:40:14,neuralmagic/DeepSeek-R1-Distill-Qwen-32B-FP8-dynamic,fp8,8,960,0,135.12,208537,193483,7.10,1431.95,2353.00,2975.30,157.97,140.48,371.70,38.92,38.99,64.26,37.53,29.97,149.78
2026-04-10 00:43:48,neuralmagic/DeepSeek-R1-Distill-Qwen-32B-FP8-dynamic,fp8,16,1920,0,193.29,433805,388275,9.93,2008.81,4624.00,4253.17,14760.88,14822.38,37104.66,105.44,109.93,156.34,100.39,92.28,275.60
2026-04-10 00:48:22,inarikami/DeepSeek-R1-Distill-Qwen-32B-AWQ,awq,1,120,0,128.22,26679,25636,0.94,199.94,420.00,408.01,132.46,96.23,486.80,24.63,24.24,30.67,24.49,23.43,97.01
2026-04-10 00:50:51,inarikami/DeepSeek-R1-Distill-Qwen-32B-AWQ,awq,2,240,0,136.09,51443,51945,1.76,381.71,714.00,759.72,95.03,75.87,244.87,24.84,24.08,33.07,24.73,23.81,59.57
2026-04-10 00:53:18,inarikami/DeepSeek-R1-Distill-Qwen-32B-AWQ,awq,4,480,0,131.58,98289,102556,3.65,779.44,1220.00,1526.44,108.87,85.23,309.22,29.28,26.06,55.06,28.74,24.15,101.54
2026-04-10 00:56:00,inarikami/DeepSeek-R1-Distill-Qwen-32B-AWQ,awq,8,960,0,144.34,208537,193493,6.65,1340.52,2580.00,2785.26,277.71,232.53,779.44,72.26,63.64,158.29,67.04,44.49,323.89
2026-04-10 01:00:36,inarikami/DeepSeek-R1-Distill-Qwen-32B-AWQ,awq,16,1920,0,258.07,433805,387291,7.44,1500.72,3137.00,3181.68,39276.77,39619.21,92806.27,150.75,154.35,217.48,141.13,120.46,433.75
2026-04-10 01:04:59,dwetzel/DeepSeek-R1-Distill-Qwen-32B-GPTQ-INT4,gptq,1,120,0,128.15,26679,25636,0.94,200.04,425.00,408.22,127.59,94.84,446.99,24.38,23.99,30.59,24.27,23.20,95.74
2026-04-10 01:07:35,dwetzel/DeepSeek-R1-Distill-Qwen-32B-GPTQ-INT4,gptq,2,240,0,135.94,51443,51945,1.77,382.11,744.00,760.53,92.07,73.05,238.47,24.53,23.78,32.84,24.43,23.58,59.29
2026-04-10 01:10:03,dwetzel/DeepSeek-R1-Distill-Qwen-32B-GPTQ-INT4,gptq,4,480,0,131.31,98289,102492,3.66,780.52,1244.00,1529.04,102.68,79.25,267.68,26.83,23.69,48.98,26.44,22.62,101.13
2026-04-10 01:12:43,dwetzel/DeepSeek-R1-Distill-Qwen-32B-GPTQ-INT4,gptq,8,960,0,143.97,208537,193475,6.67,1343.89,2403.00,2792.41,273.62,231.36,897.25,72.47,63.78,157.28,67.24,44.38,323.15
2026-04-10 01:17:21,dwetzel/DeepSeek-R1-Distill-Qwen-32B-GPTQ-INT4,gptq,16,1920,0,255.23,433805,387146,7.52,1516.83,3109.00,3216.47,38211.62,38651.28,90642.87,148.88,152.77,223.92,139.75,119.52,402.19
2026-04-10 01:21:22,Qwen/Qwen3-8B,bf16,1,120,0,121.55,27291,25881,0.99,212.93,704.00,437.45,47.36,34.68,176.28,9.49,9.24,10.47,9.28,9.19,12.55
2026-04-10 01:23:44,Qwen/Qwen3-8B,bf16,2,240,0,124.11,52282,51749,1.93,416.97,878.00,838.23,35.65,32.77,67.14,9.44,9.43,10.17,9.39,9.36,13.22
2026-04-10 01:26:07,Qwen/Qwen3-8B,bf16,4,480,0,123.67,98836,105103,3.88,849.85,1611.00,1649.03,36.38,33.56,70.36,9.67,9.60,11.06,9.62,9.54,14.82
2026-04-10 01:28:27,Qwen/Qwen3-8B,bf16,8,960,0,123.27,207444,194276,7.79,1576.03,2667.00,3258.88,40.48,35.36,79.81,10.21,10.07,12.87,10.12,9.80,23.82
2026-04-10 01:30:49,Qwen/Qwen3-8B,bf16,16,1920,0,126.48,429516,391372,15.18,3094.41,4683.00,6490.40,56.45,52.66,112.74,12.32,12.19,18.47,12.15,10.61,35.05
2026-04-10 01:38:42,Qwen/Qwen3-8B-FP8,fp8,1,120,0,121.00,27291,25881,0.99,213.89,956.00,439.44,40.09,29.91,177.65,5.91,5.86,6.45,5.91,5.86,7.21
2026-04-10 01:41:01,Qwen/Qwen3-8B-FP8,fp8,2,240,0,121.57,52282,51610,1.97,424.53,1098.00,854.59,28.45,25.41,63.42,6.01,5.99,6.62,5.99,5.94,8.79
2026-04-10 01:43:16,Qwen/Qwen3-8B-FP8,fp8,4,480,0,121.11,98836,105103,3.96,867.83,1781.00,1683.92,29.48,28.25,60.23,6.23,6.22,7.04,6.21,6.12,11.86
2026-04-10 01:45:34,Qwen/Qwen3-8B-FP8,fp8,8,960,0,121.84,207444,194223,7.88,1594.12,3232.00,3296.76,32.50,26.74,84.06,6.69,6.60,8.29,6.66,6.40,16.18
2026-04-10 01:47:58,Qwen/Qwen3-8B-FP8,fp8,16,1920,0,124.27,429516,391513,15.45,3150.57,5035.00,6606.96,46.73,42.34,114.21,8.37,8.26,12.98,8.29,7.36,38.39
2026-04-10 01:52:07,Qwen/Qwen3-8B-AWQ,awq,1,120,0,121.30,27291,25881,0.99,213.36,827.00,438.34,48.63,35.43,203.91,7.61,7.55,8.73,7.60,7.51,10.88
2026-04-10 01:54:25,Qwen/Qwen3-8B-AWQ,awq,2,240,0,122.86,52282,51749,1.95,421.20,942.00,846.73,33.26,28.62,74.26,7.69,7.66,8.55,7.66,7.58,10.89
2026-04-10 01:56:45,Qwen/Qwen3-8B-AWQ,awq,4,480,0,122.36,98836,105010,3.92,858.22,1649.00,1665.98,36.03,32.47,73.01,7.99,7.91,9.76,7.95,7.80,15.73
2026-04-10 01:59:02,Qwen/Qwen3-8B-AWQ,awq,8,960,0,122.54,207444,194337,7.83,1585.88,2754.00,3278.72,39.68,34.05,87.94,8.70,8.55,11.78,8.60,8.12,26.01
2026-04-10 02:01:29,Qwen/Qwen3-8B-AWQ,awq,16,1920,0,125.99,429516,391074,15.24,3103.91,4467.00,6512.94,54.38,47.18,123.17,13.42,13.03,21.00,13.27,12.32,39.00
2026-04-10 02:05:45,JunHowie/Qwen3-8B-GPTQ-Int4,gptq,1,120,0,121.25,27291,25881,0.99,213.46,837.00,438.54,49.03,36.61,200.27,7.48,7.42,8.23,7.47,7.35,11.17
2026-04-10 02:08:03,JunHowie/Qwen3-8B-GPTQ-Int4,gptq,2,240,0,122.76,52282,51635,1.95,420.60,936.00,846.47,33.85,29.98,72.93,7.56,7.52,8.58,7.52,7.45,10.93
2026-04-10 02:10:22,JunHowie/Qwen3-8B-GPTQ-Int4,gptq,4,480,0,122.26,98836,105103,3.93,859.68,1649.00,1668.10,33.20,29.01,69.53,7.84,7.77,9.38,7.81,7.67,13.94
2026-04-10 02:12:43,JunHowie/Qwen3-8B-GPTQ-Int4,gptq,8,960,0,122.48,207444,194253,7.84,1586.05,2773.00,3279.80,39.38,34.65,85.98,8.57,8.39,12.13,8.44,7.96,26.61
2026-04-10 02:15:10,JunHowie/Qwen3-8B-GPTQ-Int4,gptq,16,1920,0,127.58,429516,392432,15.05,3075.86,4590.00,6442.38,56.42,49.12,121.86,12.96,12.77,20.62,12.81,11.80,38.03
2026-04-10 02:19:52,Qwen/Qwen3-32B,bf16,1,120,0,128.47,27291,25881,0.93,201.46,367.00,413.89,139.17,113.43,253.55,35.46,35.38,38.64,35.39,34.52,73.61
2026-04-10 02:22:32,Qwen/Qwen3-32B,bf16,2,240,0,142.77,52282,51749,1.68,362.47,666.00,728.67,140.99,123.85,259.22,38.52,38.53,45.32,38.30,37.06,107.99
2026-04-10 02:25:20,Qwen/Qwen3-32B,bf16,4,480,0,147.87,98836,105093,3.25,710.70,1495.00,1379.09,4726.67,4883.29,12901.64,52.70,45.44,163.61,45.63,37.63,198.50
2026-04-10 02:29:48,Qwen/Qwen3-32B,bf16,8,960,0,250.51,207444,194527,3.83,776.52,1352.00,1604.60,57514.83,58542.24,110174.55,54.07,48.63,152.97,48.50,37.87,217.65
2026-04-10 02:38:39,Qwen/Qwen3-32B,bf16,16,1920,0,503.76,429516,390999,3.81,776.16,1414.00,1628.79,174673.21,169804.59,356349.95,54.97,48.99,165.08,48.85,37.86,228.34
2026-04-10 02:48:49,Qwen/Qwen3-32B-FP8,fp8,1,120,0,123.24,27291,25881,0.97,210.01,421.00,431.46,92.55,72.82,184.09,19.77,19.55,24.38,19.58,19.15,44.85
2026-04-10 02:51:15,Qwen/Qwen3-32B-FP8,fp8,2,240,0,131.63,52282,51638,1.82,392.30,722.00,789.50,97.68,82.62,259.57,20.46,20.09,25.85,20.32,19.80,36.68
2026-04-10 02:54:08,Qwen/Qwen3-32B-FP8,fp8,4,480,0,131.56,98836,105103,3.65,798.90,1340.00,1550.16,89.14,83.66,171.06,22.40,21.78,31.39,22.19,21.02,64.27
2026-04-10 02:56:50,Qwen/Qwen3-32B-FP8,fp8,8,960,0,131.95,207444,194135,7.28,1471.28,2523.00,3043.42,194.85,164.21,554.40,33.99,33.53,61.96,33.29,26.18,155.20
2026-04-10 03:00:49,Qwen/Qwen3-32B-FP8,fp8,16,1920,0,182.09,429516,390868,10.54,2146.57,4704.00,4505.39,10183.81,9130.20,28426.73,97.57,102.93,144.77,93.30,76.87,249.10
2026-04-10 03:07:15,Qwen/Qwen3-32B-AWQ,awq,1,120,0,124.65,27291,25881,0.96,207.63,421.00,426.57,164.51,131.75,709.24,24.68,24.26,31.56,24.54,23.35,80.45
2026-04-10 03:10:09,Qwen/Qwen3-32B-AWQ,awq,2,240,0,135.03,52282,51749,1.78,383.24,742.00,770.42,101.19,77.89,271.29,24.93,24.04,33.57,24.69,23.68,72.91
2026-04-10 03:13:06,Qwen/Qwen3-32B-AWQ,awq,4,480,0,134.78,98836,105103,3.56,779.79,1200.00,1513.09,131.69,110.10,297.91,28.68,25.44,52.80,28.25,24.19,102.86
2026-04-10 03:15:51,Qwen/Qwen3-32B-AWQ,awq,8,960,0,143.73,207444,194561,6.68,1353.69,2566.00,2797.02,287.86,247.51,817.06,77.71,68.01,198.33,71.25,45.49,322.40
2026-04-10 03:21:14,Qwen/Qwen3-32B-AWQ,awq,16,1920,0,259.87,429516,391643,7.39,1507.06,3152.00,3159.85,39642.51,39117.51,94578.17,151.44,154.69,237.23,141.31,121.82,439.75
2026-04-10 03:28:16,JunHowie/Qwen3-32B-GPTQ-Int4,gptq,1,120,0,124.66,27291,25881,0.96,207.61,423.00,426.52,148.18,123.29,427.13,24.67,24.19,31.41,24.52,23.34,81.61
2026-04-10 03:31:11,JunHowie/Qwen3-32B-GPTQ-Int4,gptq,2,240,0,134.96,52282,51749,1.78,383.45,777.00,770.84,108.62,90.84,269.29,24.94,24.08,34.48,24.69,23.72,59.80
2026-04-10 03:33:42,JunHowie/Qwen3-32B-GPTQ-Int4,gptq,4,480,0,134.78,98836,105103,3.56,779.80,1229.00,1513.10,122.03,103.56,285.01,27.21,24.17,48.93,26.82,23.18,98.30
2026-04-10 03:36:53,JunHowie/Qwen3-32B-GPTQ-Int4,gptq,8,960,0,142.89,207444,194381,6.72,1360.35,2408.00,2812.12,306.91,276.84,734.83,74.46,66.09,183.01,69.10,46.68,299.76
2026-04-10 03:41:27,JunHowie/Qwen3-32B-GPTQ-Int4,gptq,16,1920,0,255.98,429516,391697,7.50,1530.18,3158.00,3208.10,39418.88,40020.32,91792.83,149.42,151.47,244.75,139.10,119.89,440.01
2026-04-10 08:46:01,google/gemma-4-31B-it,bf16,1,120,0,133.98,28775,26937,0.90,201.05,353.00,415.83,166.42,134.32,300.50,41.40,41.98,45.62,41.19,40.77,90.36
2026-04-10 08:49:07,google/gemma-4-31B-it,bf16,2,240,0,176.94,55198,52844,1.36,298.66,656.00,610.63,16428.81,15648.15,35508.35,53.16,48.71,157.38,49.41,43.72,190.56
2026-04-10 08:54:23,google/gemma-4-31B-it,bf16,4,480,0,306.02,105603,106981,1.57,349.59,604.00,694.68,83607.27,85891.74,159800.88,59.63,49.04,253.36,50.71,43.66,179.36
2026-04-10 09:03:38,google/gemma-4-31B-it,bf16,8,960,0,543.79,221426,197570,1.77,363.32,657.00,770.52,210860.55,216409.01,404404.40,61.13,50.41,203.85,52.25,43.88,206.24
2026-04-10 09:21:59,google/gemma-4-31B-it,bf16,16,1920,0,1079.62,454464,394988,1.78,365.86,696.00,786.81,469429.22,467801.86,925614.09,60.83,50.77,230.23,52.27,44.09,180.40
2026-04-10 09:33:25,RedHatAI/gemma-4-31B-it-FP8-block,fp8,1,120,0,124.47,28775,27001,0.96,216.93,752.00,448.11,2702.92,127.08,22660.43,29.69,26.17,113.22,30.72,23.82,76.60
2026-04-10 09:36:01,RedHatAI/gemma-4-31B-it-FP8-block,fp8,2,240,0,135.27,55198,52865,1.77,390.81,1223.00,798.87,1869.89,125.20,18308.50,33.82,31.53,98.12,35.26,29.34,100.67
2026-04-10 09:38:34,RedHatAI/gemma-4-31B-it-FP8-block,fp8,4,480,0,135.86,105603,106733,3.53,785.60,1334.00,1562.89,162.32,144.12,348.03,40.95,41.37,60.09,40.40,36.68,129.22
2026-04-10 09:41:55,RedHatAI/gemma-4-31B-it-FP8-block,fp8,8,960,0,177.65,221426,197367,5.40,1110.97,2111.00,2357.37,13610.55,13429.48,33203.68,84.11,85.99,153.08,79.91,60.35,245.21
2026-04-10 09:47:53,RedHatAI/gemma-4-31B-it-FP8-block,fp8,16,1920,0,338.45,454464,394254,5.67,1164.88,2008.00,2507.66,89357.77,91579.27,188471.47,92.34,88.78,176.18,86.06,62.34,258.18
2026-04-10 09:54:32,QuantTrio/gemma-4-31B-it-AWQ,awq,1,120,0,125.74,28775,27015,0.95,214.85,409.00,443.69,271.93,147.00,3577.81,28.30,28.06,37.91,27.84,25.87,85.98
2026-04-10 09:57:06,QuantTrio/gemma-4-31B-it-AWQ,awq,2,240,0,138.07,55198,52963,1.74,383.59,627.00,783.36,165.86,144.53,393.77,34.91,34.93,50.51,34.57,31.67,122.76
2026-04-10 09:59:56,QuantTrio/gemma-4-31B-it-AWQ,awq,4,480,0,141.81,105603,106845,3.38,753.46,1251.00,1498.15,259.56,231.88,571.77,64.57,65.79,109.28,63.37,53.06,228.28
2026-04-10 10:03:59,QuantTrio/gemma-4-31B-it-AWQ,awq,8,960,0,217.14,221426,197051,4.42,907.50,1745.00,1927.25,24218.05,25875.21,64949.29,144.54,146.17,245.31,133.76,103.53,466.68
2026-04-10 10:11:27,QuantTrio/gemma-4-31B-it-AWQ,awq,16,1920,0,424.76,454464,393982,4.52,927.55,1892.00,1997.49,122460.44,124931.01,264457.63,165.59,154.74,431.39,146.66,112.56,476.59
2026-04-10 10:17:48,RedHatAI/gemma-4-31B-it-NVFP4,nvfp4,1,120,0,125.18,28775,26989,0.96,215.61,410.00,445.48,249.81,200.48,815.21,27.88,27.32,43.18,27.35,23.44,156.94
2026-04-10 10:20:25,RedHatAI/gemma-4-31B-it-NVFP4,nvfp4,2,240,0,137.44,55198,52857,1.75,384.58,674.00,786.18,262.16,210.77,830.16,41.92,41.47,97.16,40.52,34.64,271.20
2026-04-10 10:23:33,RedHatAI/gemma-4-31B-it-NVFP4,nvfp4,4,480,0,167.22,105603,106914,2.87,639.36,1264.00,1270.88,1854.97,626.29,14339.67,154.98,157.72,327.54,144.04,108.81,683.70
2026-04-10 10:29:21,RedHatAI/gemma-4-31B-it-NVFP4,nvfp4,8,960,0,325.93,221426,196949,2.95,604.26,1479.00,1283.63,69562.22,71776.98,168953.48,301.46,241.61,991.38,226.63,143.20,978.53
2026-04-10 10:40:35,RedHatAI/gemma-4-31B-it-NVFP4,nvfp4,16,1920,0,651.55,454464,394986,2.95,606.22,1422.00,1303.73,229295.84,233807.89,484940.65,282.46,243.43,972.68,232.17,145.80,965.35
2026-04-23 11:23:12,deepseek-ai/DeepSeek-R1-Distill-Qwen-7B,bf16,1,120,0,122.78,26679,25636,0.98,208.80,652.00,426.09,57.64,47.55,209.68,7.95,7.86,9.65,7.93,7.81,12.06
2026-04-23 11:25:44,deepseek-ai/DeepSeek-R1-Distill-Qwen-7B,bf16,2,240,0,124.31,51443,51945,1.93,417.86,899.00,831.68,43.17,42.67,85.24,7.98,7.94,8.70,7.96,7.88,13.86
2026-04-23 11:28:04,deepseek-ai/DeepSeek-R1-Distill-Qwen-7B,bf16,4,480,0,122.85,98289,102240,3.91,832.27,1616.00,1632.37,33.79,32.00,61.77,8.12,8.08,9.00,8.08,7.99,12.38
2026-04-23 11:30:25,deepseek-ai/DeepSeek-R1-Distill-Qwen-7B,bf16,8,960,0,123.59,208537,192964,7.77,1561.31,3001.00,3248.63,36.82,34.47,74.39,8.50,8.37,11.19,8.42,8.22,18.08
2026-04-23 11:32:53,deepseek-ai/DeepSeek-R1-Distill-Qwen-7B,bf16,16,1920,0,124.85,433805,387399,15.38,3102.81,4986.00,6577.31,42.63,38.98,84.91,9.21,8.83,13.04,9.15,8.65,25.61
2026-04-23 11:37:08,neuralmagic/DeepSeek-R1-Distill-Qwen-7B-FP8-dynamic,fp8,1,120,0,121.90,26679,25636,0.98,210.30,839.00,429.16,36.90,23.95,168.89,5.40,5.38,6.00,5.38,5.35,6.33
2026-04-23 11:39:23,neuralmagic/DeepSeek-R1-Distill-Qwen-7B-FP8-dynamic,fp8,2,240,0,122.47,51443,51482,1.96,420.35,1048.00,840.38,22.73,20.43,49.85,5.42,5.42,5.70,5.40,5.40,6.01
2026-04-23 11:41:39,neuralmagic/DeepSeek-R1-Distill-Qwen-7B-FP8-dynamic,fp8,4,480,0,121.91,98289,101698,3.94,834.23,1793.00,1640.49,24.66,21.80,50.96,5.54,5.49,6.61,5.51,5.44,9.45
2026-04-23 11:44:00,neuralmagic/DeepSeek-R1-Distill-Qwen-7B-FP8-dynamic,fp8,8,960,0,122.75,208537,192277,7.82,1566.43,2606.00,3265.33,43.11,37.63,91.67,6.91,6.19,10.95,6.77,5.76,19.43
2026-04-23 11:46:34,neuralmagic/DeepSeek-R1-Distill-Qwen-7B-FP8-dynamic,fp8,16,1920,0,123.68,433805,387364,15.52,3131.91,6078.00,6639.31,71.45,66.15,189.44,9.86,9.52,14.82,9.79,8.01,29.33
2026-04-23 11:51:41,AngelSlim/Deepseek_r1_distill_qwen-7b_int4_awq,awq,1,120,0,122.08,26679,25636,0.98,210.00,831.00,428.54,66.74,37.46,701.27,6.22,5.90,9.11,6.21,5.85,10.14
2026-04-23 11:54:00,AngelSlim/Deepseek_r1_distill_qwen-7b_int4_awq,awq,2,240,0,122.86,51443,51594,1.95,419.94,1033.00,838.65,30.04,26.55,65.23,5.91,5.89,6.47,5.90,5.86,9.63
2026-04-23 11:56:20,AngelSlim/Deepseek_r1_distill_qwen-7b_int4_awq,awq,4,480,0,122.10,98289,102282,3.93,837.72,1775.00,1642.73,30.27,27.17,65.26,6.07,5.98,7.59,6.04,5.92,10.93
2026-04-23 11:58:39,AngelSlim/Deepseek_r1_distill_qwen-7b_int4_awq,awq,8,960,0,122.27,208537,193322,7.85,1581.11,3008.00,3286.67,33.55,28.88,77.94,6.46,6.21,10.37,6.36,6.05,17.79
2026-04-23 12:00:58,AngelSlim/Deepseek_r1_distill_qwen-7b_int4_awq,awq,16,1920,0,123.65,433805,388072,15.53,3138.39,4664.00,6646.63,38.53,33.39,86.83,7.73,7.18,12.97,7.67,6.66,24.69
2026-04-23 12:05:06,jakiAJK/DeepSeek-R1-Distill-Qwen-7B_GPTQ-int4,gptq,1,120,0,122.09,26679,25513,0.98,208.97,754.00,427.49,54.98,41.88,209.56,6.08,5.91,7.46,6.08,5.87,10.17
2026-04-23 12:07:39,jakiAJK/DeepSeek-R1-Distill-Qwen-7B_GPTQ-int4,gptq,2,240,0,122.88,51443,51430,1.95,418.55,1030.00,837.20,39.11,36.96,86.75,6.28,6.03,8.05,6.25,5.92,11.27
2026-04-23 12:10:07,jakiAJK/DeepSeek-R1-Distill-Qwen-7B_GPTQ-int4,gptq,4,480,0,122.29,98289,102669,3.93,839.56,1631.00,1643.30,40.74,41.03,78.81,6.74,6.38,9.63,6.73,6.03,17.83
2026-04-23 12:12:40,jakiAJK/DeepSeek-R1-Distill-Qwen-7B_GPTQ-int4,gptq,8,960,0,122.30,208537,193311,7.85,1580.60,3098.00,3285.70,48.22,48.60,109.24,7.54,7.01,12.12,7.44,6.31,20.52
2026-04-23 12:15:26,jakiAJK/DeepSeek-R1-Distill-Qwen-7B_GPTQ-int4,gptq,16,1920,0,123.63,433805,386476,15.53,3126.08,4734.00,6635.00,50.87,48.24,101.60,7.77,7.56,12.85,7.69,6.55,24.69
2026-04-23 12:19:56,deepseek-ai/DeepSeek-R1-Distill-Qwen-14B,bf16,1,120,0,125.73,26679,25636,0.95,203.89,477.00,416.08,73.35,57.51,167.75,16.62,16.60,17.94,16.51,16.33,25.46
2026-04-23 12:22:23,deepseek-ai/DeepSeek-R1-Distill-Qwen-14B,bf16,2,240,0,130.66,51443,51645,1.84,395.25,704.00,788.95,57.01,53.03,110.55,16.90,16.83,18.93,16.82,16.73,22.16
2026-04-23 12:24:49,deepseek-ai/DeepSeek-R1-Distill-Qwen-14B,bf16,4,480,0,127.28,98289,102127,3.77,802.40,1579.00,1574.64,59.07,55.39,108.30,17.48,17.24,20.02,17.36,17.06,34.68
2026-04-23 12:27:18,deepseek-ai/DeepSeek-R1-Distill-Qwen-14B,bf16,8,960,0,129.74,208537,192267,7.40,1481.93,2372.00,3089.27,69.15,59.79,150.24,19.45,19.11,27.21,19.18,17.74,61.88
2026-04-23 12:29:54,deepseek-ai/DeepSeek-R1-Distill-Qwen-14B,bf16,16,1920,0,138.66,433805,386554,13.85,2787.78,4447.00,5916.32,111.64,104.67,240.89,28.80,28.40,45.92,28.01,21.67,91.94
2026-04-23 12:35:30,RedHatAI/DeepSeek-R1-Distill-Qwen-14B-FP8-dynamic,fp8,1,120,0,123.49,26679,25636,0.97,207.60,544.00,423.64,72.64,57.11,200.28,10.08,9.99,11.38,10.02,9.85,18.71
2026-04-23 12:38:02,RedHatAI/DeepSeek-R1-Distill-Qwen-14B-FP8-dynamic,fp8,2,240,0,126.00,51443,51595,1.90,409.47,832.00,817.74,59.12,58.68,117.21,10.23,10.16,11.84,10.19,9.98,24.66
2026-04-23 12:40:34,RedHatAI/DeepSeek-R1-Distill-Qwen-14B-FP8-dynamic,fp8,4,480,0,123.62,98289,102499,3.88,829.14,1421.00,1624.23,55.30,55.73,96.68,11.00,10.71,14.98,10.91,10.29,26.37
2026-04-23 12:42:59,RedHatAI/DeepSeek-R1-Distill-Qwen-14B-FP8-dynamic,fp8,8,960,0,125.79,208537,192552,7.63,1530.77,2765.00,3188.61,55.08,48.38,125.58,14.42,13.97,20.99,14.17,13.79,38.42
2026-04-23 12:45:31,RedHatAI/DeepSeek-R1-Distill-Qwen-14B-FP8-dynamic,fp8,16,1920,0,130.89,433805,387171,14.67,2957.94,4737.00,6272.15,87.61,82.90,179.30,20.23,20.03,33.16,19.66,16.43,66.89
2026-04-23 12:49:49,Corianas/DeepSeek-R1-Distill-Qwen-14B-AWQ,awq,1,120,0,124.02,26679,25636,0.97,206.70,512.00,421.81,67.41,51.60,185.16,11.75,11.66,13.76,11.67,11.43,18.35
2026-04-23 12:52:15,Corianas/DeepSeek-R1-Distill-Qwen-14B-AWQ,awq,2,240,0,127.21,51443,51675,1.89,406.23,805.00,810.64,52.10,42.91,132.07,11.92,11.79,14.09,11.86,11.67,19.91
2026-04-23 12:54:37,Corianas/DeepSeek-R1-Distill-Qwen-14B-AWQ,awq,4,480,0,124.36,98289,102698,3.86,825.81,1708.00,1616.17,80.24,76.82,146.90,12.75,12.50,16.91,12.75,11.88,35.26
2026-04-23 12:57:24,Corianas/DeepSeek-R1-Distill-Qwen-14B-AWQ,awq,8,960,0,126.84,208537,192300,7.57,1516.14,2249.00,3160.29,87.63,82.34,210.37,15.22,14.62,26.03,14.96,12.74,47.39
2026-04-23 13:00:18,Corianas/DeepSeek-R1-Distill-Qwen-14B-AWQ,awq,16,1920,0,138.49,433805,384793,13.86,2778.40,4764.00,5910.69,360.50,266.73,1374.44,45.08,45.04,75.36,43.34,35.29,154.30
2026-04-23 13:05:21,RedHatAI/DeepSeek-R1-Distill-Qwen-14B-quantized.w4a16,gptq,1,120,0,123.99,26679,25636,0.97,206.75,523.00,421.91,66.76,50.23,165.40,11.63,11.53,13.76,11.56,11.32,17.77
2026-04-23 13:07:45,RedHatAI/DeepSeek-R1-Distill-Qwen-14B-quantized.w4a16,gptq,2,240,0,127.05,51443,51908,1.89,408.57,808.00,813.48,48.40,40.51,118.78,11.77,11.64,13.41,11.71,11.54,17.11
2026-04-23 13:10:06,RedHatAI/DeepSeek-R1-Distill-Qwen-14B-quantized.w4a16,gptq,4,480,0,124.27,98289,102669,3.86,826.18,1712.00,1617.12,49.82,42.31,119.87,12.37,12.03,16.20,12.24,11.83,29.21
2026-04-23 13:12:31,RedHatAI/DeepSeek-R1-Distill-Qwen-14B-quantized.w4a16,gptq,8,960,0,126.39,208537,193479,7.60,1530.84,2339.00,3180.83,60.18,47.83,165.43,13.76,12.83,25.35,13.41,12.03,48.09
2026-04-23 13:15:09,RedHatAI/DeepSeek-R1-Distill-Qwen-14B-quantized.w4a16,gptq,16,1920,0,137.89,433805,387463,13.92,2809.96,4662.00,5956.00,159.70,154.13,325.29,43.44,43.95,68.98,41.65,34.31,137.71
2026-04-23 13:20:31,deepseek-ai/DeepSeek-R1-Distill-Qwen-32B,bf16,1,120,0,131.99,26679,25636,0.91,194.23,366.00,396.36,156.75,121.84,525.14,35.24,35.12,38.78,35.02,34.21,76.32
2026-04-23 13:23:17,deepseek-ai/DeepSeek-R1-Distill-Qwen-32B,bf16,2,240,0,143.67,51443,51945,1.67,361.56,639.00,719.63,141.91,128.88,272.44,37.79,37.92,44.50,37.63,36.19,99.71
2026-04-23 13:26:05,deepseek-ai/DeepSeek-R1-Distill-Qwen-32B,bf16,4,480,0,141.01,98289,102684,3.40,728.20,1388.00,1425.24,3717.08,3021.28,11379.74,50.49,45.42,152.70,45.35,37.33,171.81
2026-04-23 13:30:44,deepseek-ai/DeepSeek-R1-Distill-Qwen-32B,bf16,8,960,0,243.80,208537,193268,3.94,792.72,1281.00,1648.07,53300.83,54522.18,101638.24,51.84,47.42,142.00,47.24,37.70,196.47
2026-04-23 13:39:12,deepseek-ai/DeepSeek-R1-Distill-Qwen-32B,bf16,16,1920,0,484.17,433805,388277,3.97,801.95,1304.00,1697.94,165593.21,162462.26,341291.21,53.54,47.50,150.60,47.26,37.51,195.45
2026-04-23 13:45:22,neuralmagic/DeepSeek-R1-Distill-Qwen-32B-FP8-dynamic,fp8,1,120,0,126.89,26679,25636,0.95,202.03,420.00,412.28,110.95,83.26,275.02,20.32,20.08,24.09,20.16,19.48,47.31
2026-04-23 13:48:02,neuralmagic/DeepSeek-R1-Distill-Qwen-32B-FP8-dynamic,fp8,2,240,0,133.21,51443,51810,1.80,388.92,745.00,775.09,87.10,74.68,195.64,20.66,20.24,26.21,20.51,19.85,38.43
2026-04-23 13:50:36,neuralmagic/DeepSeek-R1-Distill-Qwen-32B-FP8-dynamic,fp8,4,480,0,130.33,98289,102513,3.68,786.59,1445.00,1540.77,103.36,94.55,216.70,28.48,28.13,39.31,28.20,27.40,79.88
2026-04-23 13:53:09,neuralmagic/DeepSeek-R1-Distill-Qwen-32B-FP8-dynamic,fp8,8,959,1,135.09,208399,192963,7.10,1428.44,2370.00,2971.14,157.65,141.60,377.10,38.67,38.63,66.07,37.30,29.81,150.19
2026-04-23 13:56:42,neuralmagic/DeepSeek-R1-Distill-Qwen-32B-FP8-dynamic,fp8,16,1920,0,190.64,433805,388267,10.07,2036.66,4527.00,4312.20,13964.69,14301.80,34839.47,103.57,108.39,152.92,98.71,91.32,262.68
2026-04-23 14:01:38,inarikami/DeepSeek-R1-Distill-Qwen-32B-AWQ,awq,1,120,0,128.29,26679,25636,0.94,199.83,410.00,407.79,130.81,96.09,429.66,24.80,24.42,30.93,24.68,23.59,95.11
2026-04-23 14:04:07,inarikami/DeepSeek-R1-Distill-Qwen-32B-AWQ,awq,2,240,0,136.09,51443,51945,1.76,381.68,714.00,759.68,92.65,73.50,244.67,24.99,24.23,33.07,24.88,23.98,59.29
2026-04-23 14:06:33,inarikami/DeepSeek-R1-Distill-Qwen-32B-AWQ,awq,4,480,0,131.55,98289,102576,3.65,779.74,1198.00,1526.89,106.92,80.95,338.31,29.36,26.14,55.51,28.80,24.18,101.10
2026-04-23 14:09:09,inarikami/DeepSeek-R1-Distill-Qwen-32B-AWQ,awq,8,960,0,141.46,208537,193372,6.79,1367.00,2476.00,2841.20,240.11,211.92,623.99,63.42,60.34,110.04,60.45,43.59,257.23
2026-04-23 14:13:36,inarikami/DeepSeek-R1-Distill-Qwen-32B-AWQ,awq,16,1920,0,245.10,433805,387808,7.83,1582.26,3314.00,3352.19,34007.79,34689.15,79726.97,141.31,144.50,216.71,132.18,115.17,398.14
2026-04-23 14:19:14,dwetzel/DeepSeek-R1-Distill-Qwen-32B-GPTQ-INT4,gptq,1,120,0,128.22,26679,25636,0.94,199.94,420.00,408.02,141.18,107.94,415.68,24.59,24.15,30.75,24.46,23.37,83.98
2026-04-23 14:21:45,dwetzel/DeepSeek-R1-Distill-Qwen-32B-GPTQ-INT4,gptq,2,240,0,135.93,51443,51945,1.77,382.15,745.00,760.61,93.73,74.81,252.54,24.61,23.93,32.83,24.50,23.67,59.08
2026-04-23 14:24:13,dwetzel/DeepSeek-R1-Distill-Qwen-32B-GPTQ-INT4,gptq,4,480,0,131.31,98289,102485,3.66,780.50,1259.00,1529.05,103.64,79.64,268.53,26.83,23.72,49.03,26.44,22.63,101.74
2026-04-23 14:26:53,dwetzel/DeepSeek-R1-Distill-Qwen-32B-GPTQ-INT4,gptq,8,960,0,140.70,208537,193173,6.82,1372.96,2447.00,2855.11,243.59,211.55,669.80,62.51,58.96,109.79,59.60,43.47,247.75
2026-04-23 14:31:16,dwetzel/DeepSeek-R1-Distill-Qwen-32B-GPTQ-INT4,gptq,16,1920,0,243.01,433805,386188,7.90,1589.17,3440.00,3374.29,33826.44,34711.02,79079.81,141.03,143.77,226.65,132.19,115.55,388.49
